"","ensembl_gene_id","baseMean","log2FoldChange","lfcSE","stat","pvalue","padj","external_gene_name","description"
"1","ENSG00000137975",878.35320061557,6.08211977863253,0.289438793934476,21.0134919924018,4.93675490805488e-98,4.0841773354338e-94,"CLCA2","chloride channel accessory 2 [Source:HGNC Symbol;Acc:HGNC:2016]"
"2","ENSG00000110092",12438.22349225,2.96358273324512,0.14798153336796,20.0267064801667,3.2228015017367e-89,1.33311184119339e-85,"CCND1","cyclin D1 [Source:HGNC Symbol;Acc:HGNC:1582]"
"3","ENSG00000125730",1831.76997889702,3.59632274573889,0.18342847738274,19.606130940262,1.37071055616013e-85,3.77996281037092e-82,"C3","complement C3 [Source:HGNC Symbol;Acc:HGNC:1318]"
"4","ENSG00000169429",425.821544737673,4.38778716230214,0.243446073374654,18.0236514045125,1.27072870357359e-72,2.62818464116609e-69,"CXCL8","C-X-C motif chemokine ligand 8 [Source:HGNC Symbol;Acc:HGNC:6025]"
"5","ENSG00000107562",1685.59697278402,-3.11592123152317,0.173956572846413,-17.9120638015457,9.49488477150975e-72,1.571023634294e-68,"CXCL12","C-X-C motif chemokine ligand 12 [Source:HGNC Symbol;Acc:HGNC:10672]"
"6","ENSG00000182752",2534.1574052056,2.15035760155551,0.134671907938053,15.967380535996,2.15654184695398e-57,2.97351178330838e-54,"PAPPA","pappalysin 1 [Source:HGNC Symbol;Acc:HGNC:8602]"
"7","ENSG00000159167",1979.34958757738,2.17627874420454,0.150088381419431,14.4999814350905,1.21182665854317e-47,1.43220599230395e-44,"STC1","stanniocalcin 1 [Source:HGNC Symbol;Acc:HGNC:11373]"
"8","ENSG00000213626",1251.31198437285,-2.16236820506273,0.152230255343178,-14.2045889641848,8.58046281661734e-46,8.87327111023441e-43,"LBH","LBH regulator of WNT signaling pathway [Source:HGNC Symbol;Acc:HGNC:29532]"
"9","ENSG00000128422",353.495606887631,3.83509635009824,0.270748289905645,14.1648035946404,1.51289304757397e-45,1.3906849091755e-42,"KRT17","keratin 17 [Source:HGNC Symbol;Acc:HGNC:6427]"
"10","ENSG00000138131",3554.5917746482,2.22138942195853,0.165015281500765,13.4617194344406,2.62730405840911e-41,2.17356864752185e-38,"LOXL4","lysyl oxidase like 4 [Source:HGNC Symbol;Acc:HGNC:17171]"
"11","ENSG00000158125",264.928787158124,3.42387935710259,0.25783497586368,13.2793440673962,3.05054599228252e-40,2.29428790855939e-37,"XDH","xanthine dehydrogenase [Source:HGNC Symbol;Acc:HGNC:12805]"
"12","ENSG00000124882",306.44535569368,3.05257952553916,0.237065837836951,12.8765053345166,6.10373053475033e-38,4.20801355949913e-35,"EREG","epiregulin [Source:HGNC Symbol;Acc:HGNC:3443]"
"13","ENSG00000131747",663.01994314791,-2.6770341464447,0.212314108129745,-12.6088377735537,1.88756001726045e-36,1.20121415559967e-33,"TOP2A","DNA topoisomerase II alpha [Source:HGNC Symbol;Acc:HGNC:11989]"
"14","ENSG00000183856",274.329843193393,-3.2780341026257,0.272037603901806,-12.049930067054,1.94114551615633e-33,1.14707834679724e-30,"IQGAP3","IQ motif containing GTPase activating protein 3 [Source:HGNC Symbol;Acc:HGNC:20669]"
"15","ENSG00000149968",2788.93964247325,1.70124358957327,0.141410112014348,12.0305653205384,2.4547415733148e-33,1.35387180240222e-30,"MMP3","matrix metallopeptidase 3 [Source:HGNC Symbol;Acc:HGNC:7173]"
"16","ENSG00000124875",182.804410840521,3.92621519512997,0.331263129265392,11.8522553470914,2.0947596864103e-32,1.08312168035452e-29,"CXCL6","C-X-C motif chemokine ligand 6 [Source:HGNC Symbol;Acc:HGNC:10643]"
"17","ENSG00000256040",555.355339609465,2.19198497249623,0.186410750386724,11.7588978529875,6.35585368436112e-32,2.98674703718422e-29,"PAPPA-AS1","PAPPA antisense RNA 1 [Source:HGNC Symbol;Acc:HGNC:35152]"
"18","ENSG00000100234",17190.5395637247,1.51766355193864,0.129085683535269,11.7570245620924,6.49842217687852e-32,2.98674703718422e-29,"TIMP3","TIMP metallopeptidase inhibitor 3 [Source:HGNC Symbol;Acc:HGNC:11822]"
"19","ENSG00000066279",250.011786891975,-3.02211927239731,0.262390286427358,-11.5176491993883,1.07504023856918e-30,4.68095152299094e-28,"ASPM","abnormal spindle microtubule assembly [Source:HGNC Symbol;Acc:HGNC:19048]"
"20","ENSG00000144136",1118.16493451103,1.80529031224389,0.163921526550667,11.0131375069026,3.30297028207139e-28,1.36627365717883e-25,"SLC20A1","solute carrier family 20 member 1 [Source:HGNC Symbol;Acc:HGNC:10946]"
"21","ENSG00000130513",530.836050588981,2.52936791822804,0.230943950535088,10.9523021164555,6.47799563487342e-28,2.55202180415752e-25,"GDF15","growth differentiation factor 15 [Source:HGNC Symbol;Acc:HGNC:30142]"
"22","ENSG00000143341",693.649012428461,-1.84158993241061,0.169629530333054,-10.8565408911691,1.85648865374366e-27,6.98124119655514e-25,"HMCN1","hemicentin 1 [Source:HGNC Symbol;Acc:HGNC:19194]"
"23","ENSG00000108691",1604.27834651964,1.90160004419857,0.17656399181223,10.7700331459478,4.7682950216756e-27,1.71513498757923e-24,"CCL2","C-C motif chemokine ligand 2 [Source:HGNC Symbol;Acc:HGNC:10618]"
"24","ENSG00000286522",287.022704530676,-2.67165964915063,0.248489842779684,-10.7515849310564,5.82519515899691e-27,2.00799331459923e-24,"H3C2","H3 clustered histone 2 [Source:HGNC Symbol;Acc:HGNC:4776]"
"25","ENSG00000102265",17311.4253860188,1.43284526264595,0.137507246102111,10.4201436888783,2.00649827649335e-25,6.63990409657179e-23,"TIMP1","TIMP metallopeptidase inhibitor 1 [Source:HGNC Symbol;Acc:HGNC:11820]"
"26","ENSG00000118971",164.184094427081,3.18031870557428,0.305734331852731,10.4022295641505,2.42198786064607e-25,7.7065790658173e-23,"CCND2","cyclin D2 [Source:HGNC Symbol;Acc:HGNC:1583]"
"27","ENSG00000092621",1337.63043703266,-1.63895809893438,0.159504761945951,-10.2752925927675,9.1067682384942e-25,2.710866216696e-22,"PHGDH","phosphoglycerate dehydrogenase [Source:HGNC Symbol;Acc:HGNC:8923]"
"28","ENSG00000171345",2008.64105845764,1.45134272451203,0.141255763888441,10.274573472685,9.17493703221178e-25,2.710866216696e-22,"KRT19","keratin 19 [Source:HGNC Symbol;Acc:HGNC:6436]"
"29","ENSG00000134057",300.375128402628,-2.37053678828333,0.23191655640422,-10.2215073603956,1.58851253164674e-24,4.53164281872879e-22,"CCNB1","cyclin B1 [Source:HGNC Symbol;Acc:HGNC:1579]"
"30","ENSG00000078237",303.990770185733,2.19656176375254,0.21582683760399,10.1774264412052,2.50087950917162e-24,6.89659205979228e-22,"TIGAR","TP53 induced glycolysis regulatory phosphatase [Source:HGNC Symbol;Acc:HGNC:1185]"
"31","ENSG00000159388",438.759942708104,2.07708700035926,0.207765256950786,9.99727784540642,1.56643771457062e-23,4.18036748794927e-21,"BTG2","BTG anti-proliferation factor 2 [Source:HGNC Symbol;Acc:HGNC:1131]"
"32","ENSG00000125148",2204.62453385528,1.39736958227461,0.139996736055575,9.98144400823671,1.8377256906638e-23,4.75109519964425e-21,"MT2A","metallothionein 2A [Source:HGNC Symbol;Acc:HGNC:7406]"
"33","ENSG00000088325",404.243614516411,-2.19530373092257,0.221564112464264,-9.90820989241498,3.83454791432515e-23,9.6130954227915e-21,"TPX2","TPX2 microtubule nucleation factor [Source:HGNC Symbol;Acc:HGNC:1249]"
"34","ENSG00000256235",830.319751511076,1.68521058559735,0.17027565457179,9.89695555618522,4.29139976585264e-23,1.04419853714408e-20,"SMIM3","small integral membrane protein 3 [Source:HGNC Symbol;Acc:HGNC:30248]"
"35","ENSG00000184357",224.130433664824,-2.76980077179002,0.280812317741207,-9.86353018296951,5.99053557007479e-23,1.41599145060653e-20,"H1-5","H1.5 linker histone, cluster member [Source:HGNC Symbol;Acc:HGNC:4719]"
"36","ENSG00000105835",772.892387616838,1.5994042903857,0.162496788202511,9.84268248054507,7.37185816318408e-23,1.69409396066727e-20,"NAMPT","nicotinamide phosphoribosyltransferase [Source:HGNC Symbol;Acc:HGNC:30092]"
"37","ENSG00000112096",1206.45157817519,1.57158419302634,0.159962034729974,9.82473244779156,8.81076784593206e-23,1.97004006457827e-20,"SOD2","superoxide dismutase 2 [Source:HGNC Symbol;Acc:HGNC:11180]"
"38","ENSG00000108854",1556.34691701572,1.43029806160405,0.146709383090678,9.74919280193557,1.85940822506109e-22,4.04812743313958e-20,"SMURF2","SMAD specific E3 ubiquitin protein ligase 2 [Source:HGNC Symbol;Acc:HGNC:16809]"
"39","ENSG00000249992",232.320643381042,2.4434984328304,0.251012690860404,9.73456132618135,2.14742216616105e-22,4.55528809760265e-20,"TMEM158","transmembrane protein 158 (gene/pseudogene) [Source:HGNC Symbol;Acc:HGNC:30293]"
"40","ENSG00000136542",2433.86829462205,1.50714728230342,0.155203951716725,9.71075327420934,2.71324440753458e-22,5.61166774588339e-20,"GALNT5","polypeptide N-acetylgalactosaminyltransferase 5 [Source:HGNC Symbol;Acc:HGNC:4127]"
"41","ENSG00000196611",553.490174284489,2.08638732800328,0.216483218378413,9.6376400149238,5.54480390016509e-22,1.1188332357577e-19,"MMP1","matrix metallopeptidase 1 [Source:HGNC Symbol;Acc:HGNC:7155]"
"42","ENSG00000057019",2591.68478386312,1.37584515276504,0.142983892519742,9.62237863663616,6.43261263222686e-22,1.26707153110507e-19,"DCBLD2","discoidin, CUB and LCCL domain containing 2 [Source:HGNC Symbol;Acc:HGNC:24627]"
"43","ENSG00000255282",881.417252551523,1.93650520916385,0.202112432870591,9.58132650060061,9.58064285727999e-22,1.8432711246111e-19,"WTAPP1","Wilms tumor 1 associated protein pseudogene 1 [Source:HGNC Symbol;Acc:HGNC:44115]"
"44","ENSG00000117399",140.654665749343,-3.30852526833695,0.348469739046612,-9.49444068626685,2.21396695915443e-21,4.16276105751922e-19,"CDC20","cell division cycle 20 [Source:HGNC Symbol;Acc:HGNC:1723]"
"45","ENSG00000138829",8370.50252921187,-1.56564646330852,0.167082342584413,-9.37050821224586,7.21841127885188e-21,1.32706481133204e-18,"FBN2","fibrillin 2 [Source:HGNC Symbol;Acc:HGNC:3604]"
"46","ENSG00000121039",1832.80159569892,1.51833270128276,0.163126849392548,9.3076811508144,1.30653541128749e-20,2.34977553425682e-18,"RDH10","retinol dehydrogenase 10 [Source:HGNC Symbol;Acc:HGNC:19975]"
"47","ENSG00000183160",1873.54309121838,-1.41711506991493,0.152594944295721,-9.28677602298957,1.59032428201612e-20,2.79930910321689e-18,"TMEM119","transmembrane protein 119 [Source:HGNC Symbol;Acc:HGNC:27884]"
"48","ENSG00000104332",4788.2453263108,1.3778399060098,0.150678955604021,9.14420929244236,6.00676687102294e-20,1.0352912984161e-17,"SFRP1","secreted frizzled related protein 1 [Source:HGNC Symbol;Acc:HGNC:10776]"
"49","ENSG00000079931",3128.23221330775,1.26892605165438,0.140429795418161,9.03601723463223,1.62484081317095e-19,2.74332817293127e-17,"MOXD1","monooxygenase DBH like 1 [Source:HGNC Symbol;Acc:HGNC:21063]"
"50","ENSG00000164292",3091.25018954143,-1.26416372458742,0.140048254567167,-9.02662963201106,1.77040391707371e-19,2.92931032119016e-17,"RHOBTB3","Rho related BTB domain containing 3 [Source:HGNC Symbol;Acc:HGNC:18757]"
"51","ENSG00000020181",3670.90999167905,-1.26961202309038,0.141468819069006,-8.97450075179527,2.84639695985734e-19,4.61730236252936e-17,"ADGRA2","adhesion G protein-coupled receptor A2 [Source:HGNC Symbol;Acc:HGNC:17849]"
"52","ENSG00000088756",257.508506709408,-2.20089944665166,0.246819810265924,-8.91702916504315,4.78963584968599e-19,7.62012642008696e-17,"ARHGAP28","Rho GTPase activating protein 28 [Source:HGNC Symbol;Acc:HGNC:25509]"
"53","ENSG00000287080",173.542099755034,-2.44118600110046,0.273962655542198,-8.91065242548887,5.07331288784969e-19,7.91915424927934e-17,"H3C3","H3 clustered histone 3 [Source:HGNC Symbol;Acc:HGNC:4768]"
"54","ENSG00000116667",424.604861597077,-1.84319369179924,0.208375075096658,-8.84555742064759,9.10725360139951e-19,1.3952649823033e-16,"C1orf21","chromosome 1 open reading frame 21 [Source:HGNC Symbol;Acc:HGNC:15494]"
"55","ENSG00000197646",484.494383024954,1.68759136572757,0.193495602205807,8.72160062807319,2.74296311751512e-18,4.12591524930957e-16,"PDCD1LG2","programmed cell death 1 ligand 2 [Source:HGNC Symbol;Acc:HGNC:18731]"
"56","ENSG00000136048",3653.13741973794,1.14803050445445,0.131695568766545,8.71730548876359,2.84900680599095e-18,4.20889880463628e-16,"DRAM1","DNA damage regulated autophagy modulator 1 [Source:HGNC Symbol;Acc:HGNC:25645]"
"57","ENSG00000173530",797.314983652153,1.48029936498763,0.170298467459117,8.6923821868391,3.54917801960436e-18,5.15128943090998e-16,"TNFRSF10D","TNF receptor superfamily member 10d [Source:HGNC Symbol;Acc:HGNC:11907]"
"58","ENSG00000163347",75.6122104814514,4.74510517247492,0.55123339017154,8.60815991389469,7.42426423030013e-18,1.05898168926333e-15,"CLDN1","claudin 1 [Source:HGNC Symbol;Acc:HGNC:2032]"
"59","ENSG00000277775",192.431530704138,-2.38082055578902,0.281849669272151,-8.4471291448993,2.98553410496971e-17,4.18632604244312e-15,"H3C7","H3 clustered histone 7 [Source:HGNC Symbol;Acc:HGNC:4773]"
"60","ENSG00000196787",313.005498573491,-1.88223216955161,0.22500736469035,-8.36520249966883,6.00117677491819e-17,8.27462257648302e-15,"H2AC11","H2A clustered histone 11 [Source:HGNC Symbol;Acc:HGNC:4737]"
"61","ENSG00000138160",227.453440231297,-2.05145765601332,0.246055890164341,-8.33736455015625,7.59645876799216e-17,1.03025415389507e-14,"KIF11","kinesin family member 11 [Source:HGNC Symbol;Acc:HGNC:6388]"
"62","ENSG00000165092",3674.0706678703,-1.53034055796796,0.183949143369576,-8.31936767921402,8.84338207407442e-17,1.18002096610996e-14,"ALDH1A1","aldehyde dehydrogenase 1 family member A1 [Source:HGNC Symbol;Acc:HGNC:402]"
"63","ENSG00000075223",3165.107755331,1.10642273581597,0.133199803574369,8.30648924492013,9.85751591505102e-17,1.29446395500345e-14,"SEMA3C","semaphorin 3C [Source:HGNC Symbol;Acc:HGNC:10725]"
"64","ENSG00000184557",942.65918435051,-1.45936457276805,0.175847983274364,-8.29901228091484,1.04980518234319e-16,1.35703723023831e-14,"SOCS3","suppressor of cytokine signaling 3 [Source:HGNC Symbol;Acc:HGNC:19391]"
"65","ENSG00000137809",576.855705096389,-1.70945929658651,0.20615134626841,-8.29225385877805,1.1112245142058e-16,1.41433237015762e-14,"ITGA11","integrin subunit alpha 11 [Source:HGNC Symbol;Acc:HGNC:6136]"
"66","ENSG00000123700",224.279929024712,2.12611261192942,0.256479898980555,8.28958768457175,1.13641713537535e-16,1.41930846100637e-14,"KCNJ2","potassium inwardly rectifying channel subfamily J member 2 [Source:HGNC Symbol;Acc:HGNC:6263]"
"67","ENSG00000157456",133.532181456929,-2.61272511509779,0.316142520026907,-8.26439010758634,1.40410740959078e-16,1.7082618528742e-14,"CCNB2","cyclin B2 [Source:HGNC Symbol;Acc:HGNC:1580]"
"68","ENSG00000156970",124.886940245065,-2.78161960382668,0.336897336958841,-8.25657937499966,1.49906550758254e-16,1.79735781800439e-14,"BUB1B","BUB1 mitotic checkpoint serine/threonine kinase B [Source:HGNC Symbol;Acc:HGNC:1149]"
"69","ENSG00000134853",7191.38445679915,-1.04957323383547,0.128350940025284,-8.17737083677541,2.90104135534935e-16,3.4094525816052e-14,"PDGFRA","platelet derived growth factor receptor alpha [Source:HGNC Symbol;Acc:HGNC:8803]"
"70","ENSG00000149948",596.376001060073,1.53047305951695,0.187183225215197,8.17633662288608,2.92603811548374e-16,3.4094525816052e-14,"HMGA2","high mobility group AT-hook 2 [Source:HGNC Symbol;Acc:HGNC:5009]"
"71","ENSG00000164619",418.184445280666,1.54177775136867,0.18966736479722,8.12885101776493,4.33378555917569e-16,4.97963999042507e-14,"BMPER","BMP binding endothelial regulator [Source:HGNC Symbol;Acc:HGNC:24154]"
"72","ENSG00000168502",880.100427768678,-1.26032443625397,0.155426893373953,-8.10879255767959,5.11252424042861e-16,5.79396069055697e-14,"MTCL1","microtubule crosslinking factor 1 [Source:HGNC Symbol;Acc:HGNC:29121]"
"73","ENSG00000108984",98.0557150545866,-3.07400967650312,0.38067340875914,-8.07518887784492,6.73722776925313e-16,7.53203855878799e-14,"MAP2K6","mitogen-activated protein kinase kinase 6 [Source:HGNC Symbol;Acc:HGNC:6846]"
"74","ENSG00000099194",1949.74787140673,-1.16630925075146,0.144711861838474,-8.05952764296047,7.65898219586384e-16,8.44836796085087e-14,"SCD","stearoyl-CoA desaturase [Source:HGNC Symbol;Acc:HGNC:10571]"
"75","ENSG00000179163",326.988163221332,1.63052172426474,0.205165099803718,7.94736398064128,1.90522012624064e-15,2.07393238215643e-13,"FUCA1","alpha-L-fucosidase 1 [Source:HGNC Symbol;Acc:HGNC:4006]"
"76","ENSG00000076382",154.378384691719,-2.26384573535246,0.286107499786145,-7.91257040463674,2.52128198138666e-15,2.70890465350803e-13,"SPAG5","sperm associated antigen 5 [Source:HGNC Symbol;Acc:HGNC:13452]"
"77","ENSG00000145386",203.889008523895,-1.92890281004509,0.245550556682786,-7.85542022833587,3.98434010928394e-15,4.22595458001359e-13,"CCNA2","cyclin A2 [Source:HGNC Symbol;Acc:HGNC:1578]"
"78","ENSG00000273983",128.183587936784,-2.65495542621399,0.340166958482595,-7.80485981959308,5.95677184470333e-15,6.23802195838363e-13,"H3C8","H3 clustered histone 8 [Source:HGNC Symbol;Acc:HGNC:4772]"
"79","ENSG00000106366",6428.04336507034,1.23719967832584,0.159940377937282,7.73538048541433,1.03094308819771e-14,1.06612402108246e-12,"SERPINE1","serpin family E member 1 [Source:HGNC Symbol;Acc:HGNC:8583]"
"80","ENSG00000001461",1557.05539234282,1.28721251657962,0.166459932943966,7.73286696572758,1.05151166611552e-14,1.07396987824366e-12,"NIPAL3","NIPA like domain containing 3 [Source:HGNC Symbol;Acc:HGNC:25233]"
"81","ENSG00000080986",102.568465806299,-2.66282856511449,0.344885388063386,-7.72090861856139,1.15503342030708e-14,1.1653160349025e-12,"NDC80","NDC80 kinetochore complex component [Source:HGNC Symbol;Acc:HGNC:16909]"
"82","ENSG00000197208",296.115958342237,1.72045467620526,0.225524203344713,7.62869195718009,2.37147533215708e-14,2.36376089432958e-12,"SLC22A4","solute carrier family 22 member 4 [Source:HGNC Symbol;Acc:HGNC:10968]"
"83","ENSG00000077942",617.542916353773,1.46539845913977,0.192373655065859,7.61745915072461,2.58717745092865e-14,2.54806179184914e-12,"FBLN1","fibulin 1 [Source:HGNC Symbol;Acc:HGNC:3600]"
"84","ENSG00000258725",76.9950356590457,-3.16129413796344,0.416559497282036,-7.58905788630489,3.22239790389974e-14,3.13634092458383e-12,"PRC1-AS1","PRC1 antisense RNA 1 [Source:HGNC Symbol;Acc:HGNC:48587]"
"85","ENSG00000221963",1014.22713303213,-1.17992240603381,0.155860099403434,-7.57039428660735,3.72093123410501e-14,3.5794493139245e-12,"APOL6","apolipoprotein L6 [Source:HGNC Symbol;Acc:HGNC:14870]"
"86","ENSG00000278828",192.573175482603,-1.98429484600731,0.264080082792326,-7.51398903327282,5.7352391159176e-14,5.45375094321682e-12,"H3C10","H3 clustered histone 10 [Source:HGNC Symbol;Acc:HGNC:4775]"
"87","ENSG00000162645",235.851448397479,-1.74185031002173,0.232172494104093,-7.50239737374225,6.26610699890367e-14,5.89085263658296e-12,"GBP2","guanylate binding protein 2 [Source:HGNC Symbol;Acc:HGNC:4183]"
"88","ENSG00000103196",907.557703031173,-1.21700988356647,0.162918039940398,-7.47007442522448,8.01494760737483e-14,7.45029905121483e-12,"CRISPLD2","cysteine rich secretory protein LCCL domain containing 2 [Source:HGNC Symbol;Acc:HGNC:25248]"
"89","ENSG00000198743",1159.11639685398,1.4057733681422,0.188351727822817,7.46355440638491,8.42190782524471e-14,7.74160482647216e-12,"SLC5A3","solute carrier family 5 member 3 [Source:HGNC Symbol;Acc:HGNC:11038]"
"90","ENSG00000138685",4251.48970796666,1.03519150718876,0.139506366919741,7.42038897611258,1.16776862363233e-13,1.0616428377264e-11,"FGF2","fibroblast growth factor 2 [Source:HGNC Symbol;Acc:HGNC:3676]"
"91","ENSG00000108688",57.4469951785992,4.20967790346378,0.569558176293795,7.39112891128491,1.45587382670586e-13,1.30917871394974e-11,"CCL7","C-C motif chemokine ligand 7 [Source:HGNC Symbol;Acc:HGNC:10634]"
"92","ENSG00000013588",779.417395774872,1.27037436256382,0.17253009168442,7.36320458744962,1.79546871778926e-13,1.58020347896495e-11,"GPRC5A","G protein-coupled receptor class C group 5 member A [Source:HGNC Symbol;Acc:HGNC:9836]"
"93","ENSG00000180447",670.154149898178,-1.26696327290133,0.17222148411347,-7.35659246825777,1.88664207743521e-13,1.64296735859174e-11,"GAS1","growth arrest specific 1 [Source:HGNC Symbol;Acc:HGNC:4165]"
"94","ENSG00000274641",104.01999417927,-2.56119008774098,0.349067326004909,-7.33723811120884,2.18046491635064e-13,1.87906106801759e-11,"H2BC17","H2B clustered histone 17 [Source:HGNC Symbol;Acc:HGNC:4758]"
"95","ENSG00000213186",324.043043072747,-1.51163506710643,0.206345464995866,-7.3257489188663,2.37568219484647e-13,2.02618750494483e-11,"TRIM59","tripartite motif containing 59 [Source:HGNC Symbol;Acc:HGNC:30834]"
"96","ENSG00000168209",1125.83394851861,-1.09732367406227,0.150528516762672,-7.28980592954585,3.10401823450599e-13,2.62036151572123e-11,"DDIT4","DNA damage inducible transcript 4 [Source:HGNC Symbol;Acc:HGNC:24944]"
"97","ENSG00000276410",104.298630393429,-2.49878291966641,0.343060097587238,-7.28380519110354,3.24533556306693e-13,2.71198597103563e-11,"H2BC3","H2B clustered histone 3 [Source:HGNC Symbol;Acc:HGNC:4751]"
"98","ENSG00000139289",1658.78157633842,1.45737643504809,0.201209446889087,7.24308156292202,4.38602953896850e-13,3.62856223758864e-11,"PHLDA1","pleckstrin homology like domain family A member 1 [Source:HGNC Symbol;Acc:HGNC:8933]"
"99","ENSG00000124575",226.879792175335,-1.80959593285457,0.250581671994138,-7.22158136488489,5.13864602795414e-13,4.20911075141234e-11,"H1-3","H1.3 linker histone, cluster member [Source:HGNC Symbol;Acc:HGNC:4717]"
"100","ENSG00000169213",6278.73697309631,1.042213065594,0.144598721250891,7.20762297604053,5.69370129822988e-13,4.61803831767214e-11,"RAB3B","RAB3B, member RAS oncogene family [Source:HGNC Symbol;Acc:HGNC:9778]"
"101","ENSG00000131386",225.55733788529,1.77648418319985,0.250011582574886,7.1056075278742,1.19794393656558e-12,9.62193222058933e-11,"GALNT15","polypeptide N-acetylgalactosaminyltransferase 15 [Source:HGNC Symbol;Acc:HGNC:21531]"
"102","ENSG00000139269",85.6185297329206,-2.83961458399123,0.400581100514187,-7.08873828632027,1.35340190137224e-12,1.07660518558197e-10,"INHBE","inhibin subunit beta E [Source:HGNC Symbol;Acc:HGNC:24029]"
"103","ENSG00000198846",122.65988792007,-2.41603569898089,0.342135893521932,-7.06162593497667,1.64565501964135e-12,1.29661942642789e-10,"TOX","thymocyte selection associated high mobility group box [Source:HGNC Symbol;Acc:HGNC:18988]"
"104","ENSG00000197903",252.106915112127,1.79962444510224,0.256108414635677,7.02680717329133,2.11313073822371e-12,1.6338252894696e-10,"H2BC12","H2B clustered histone 12 [Source:HGNC Symbol;Acc:HGNC:13954]"
"105","ENSG00000185112",508.324002764637,1.34008603274933,0.191070365113725,7.0135734128718,2.323069811692e-12,1.76318867450715e-10,"FAM43A","family with sequence similarity 43 member A [Source:HGNC Symbol;Acc:HGNC:26888]"
"106","ENSG00000090889",74.2541556141321,-2.9410818882569,0.419880664258537,-7.00456615083843,2.47752345214122e-12,1.86332286541494e-10,"KIF4A","kinesin family member 4A [Source:HGNC Symbol;Acc:HGNC:13339]"
"107","ENSG00000281376",444.840380134684,1.2879658745504,0.18393847367245,7.00215593200998,2.52053316618842e-12,1.87859197152043e-10,"ABALON","apoptotic BCL2L1-antisense long non-coding RNA [Source:HGNC Symbol;Acc:HGNC:49667]"
"108","ENSG00000101447",71.7132390404893,-2.98294891576635,0.427204184487316,-6.98248992889938,2.89993763425166e-12,2.14207000430036e-10,"FAM83D","family with sequence similarity 83 member D [Source:HGNC Symbol;Acc:HGNC:16122]"
"109","ENSG00000158270",2173.07147665241,-1.06130106430546,0.152346440581577,-6.96636600273679,3.25232369387251e-12,2.38110388667321e-10,"COLEC12","collectin subfamily member 12 [Source:HGNC Symbol;Acc:HGNC:16016]"
"110","ENSG00000108947",94.5447867339008,-2.5127762310671,0.363835066651752,-6.90636076998104,4.97244480024043e-12,3.60851191512185e-10,"EFNB3","ephrin B3 [Source:HGNC Symbol;Acc:HGNC:3228]"
"111","ENSG00000173535",79.1626207051436,2.74286459338381,0.401341366711014,6.83424341692346,8.24389426717577e-12,5.77980824341908e-10,"TNFRSF10C","TNF receptor superfamily member 10c [Source:HGNC Symbol;Acc:HGNC:11906]"
"112","ENSG00000278588",173.179698626017,-1.78347291308133,0.262325200962831,-6.79870979431377,1.05560210165423e-11,7.33865225797097e-10,"H2BC10","H2B clustered histone 10 [Source:HGNC Symbol;Acc:HGNC:4756]"
"113","ENSG00000142627",334.418924248335,1.4983401677193,0.222222117249534,6.74253393975544,1.55647867776628e-11,1.07306234176337e-09,"EPHA2","EPH receptor A2 [Source:HGNC Symbol;Acc:HGNC:3386]"
"114","ENSG00000176907",700.473535353916,1.12334131009466,0.16677691487145,6.73559233878694,1.63263440449598e-11,1.11626317590043e-09,"TCIM","transcriptional and immune response regulator [Source:HGNC Symbol;Acc:HGNC:1357]"
"115","ENSG00000174136",2972.20842469435,1.01571333665881,0.152293816160644,6.66943256308851,2.56794343157105e-11,1.7413603286383e-09,"RGMB","repulsive guidance molecule BMP co-receptor b [Source:HGNC Symbol;Acc:HGNC:26896]"
"116","ENSG00000112245",436.647271944304,1.40200182787576,0.210342808761929,6.66531856319642,2.64091884843332e-11,1.77628631163324e-09,"PTP4A1","protein tyrosine phosphatase 4A1 [Source:HGNC Symbol;Acc:HGNC:9634]"
"117","ENSG00000125965",276.578469118105,1.7218364609124,0.259402287215011,6.63770732092744,3.18599673119952e-11,2.12562507719465e-09,"GDF5","growth differentiation factor 5 [Source:HGNC Symbol;Acc:HGNC:4220]"
"118","ENSG00000277075",253.584390606321,-1.57146276183647,0.239382800804278,-6.56464356067631,5.21574732249875e-11,3.3976281574041e-09,"H2AC8","H2A clustered histone 8 [Source:HGNC Symbol;Acc:HGNC:4724]"
"119","ENSG00000110900",136.6296597351,2.23515445793529,0.3406279070339,6.56186534273847,5.31387931118288e-11,3.43450965167312e-09,"TSPAN11","tetraspanin 11 [Source:HGNC Symbol;Acc:HGNC:30795]"
"120","ENSG00000277157",144.750830556074,-2.07921651862741,0.317216735009526,-6.55456124836846,5.58057074234987e-11,3.57891951561709e-09,"H4C4","H4 clustered histone 4 [Source:HGNC Symbol;Acc:HGNC:4782]"
"121","ENSG00000166106",243.232171253802,-1.73963255472699,0.265476281958023,-6.55287373281078,5.64402380983073e-11,3.59176992144074e-09,"ADAMTS15","ADAM metallopeptidase with thrombospondin type 1 motif 15 [Source:HGNC Symbol;Acc:HGNC:16305]"
"122","ENSG00000197409",273.620246862308,-1.47409654995401,0.225628993182,-6.53327628318119,6.43462829056063e-11,4.03285453392486e-09,"H3C4","H3 clustered histone 4 [Source:HGNC Symbol;Acc:HGNC:4767]"
"123","ENSG00000181026",787.535832323929,1.1167200558501,0.171037887010005,6.52908004987675,6.61748784602226e-11,4.1162764624167e-09,"AEN","apoptosis enhancing nuclease [Source:HGNC Symbol;Acc:HGNC:25722]"
"124","ENSG00000178573",362.843640985859,-1.5020542806496,0.230408957879647,-6.5190793555613,7.07402240783829e-11,4.36741696866016e-09,"MAF","MAF bZIP transcription factor [Source:HGNC Symbol;Acc:HGNC:6776]"
"125","ENSG00000123496",43.0710358007795,4.39361193898842,0.678351484852422,6.47689588229363,9.36287513724907e-11,5.73770859336752e-09,"IL13RA2","interleukin 13 receptor subunit alpha 2 [Source:HGNC Symbol;Acc:HGNC:5975]"
"126","ENSG00000275126",96.5508848129649,-2.28481451929562,0.353205317874457,-6.46879988400325,9.87843138134716e-11,6.00913697190331e-09,"H4C13","H4 clustered histone 13 [Source:HGNC Symbol;Acc:HGNC:4791]"
"127","ENSG00000120337",102.621848002535,2.27256908528298,0.353805889923455,6.42320874243966,1.33431317701709e-10,8.05749847697983e-09,"TNFSF18","TNF superfamily member 18 [Source:HGNC Symbol;Acc:HGNC:11932]"
"128","ENSG00000091986",1224.72494130872,-1.04917195878203,0.163439871401444,-6.41931463715506,1.36889223012893e-10,8.20640972453382e-09,"CCDC80","coiled-coil domain containing 80 [Source:HGNC Symbol;Acc:HGNC:30649]"
"129","ENSG00000168077",263.175258584728,-1.88284682276185,0.293824528408047,-6.40806549733337,1.47377599254555e-10,8.77161783189163e-09,"SCARA3","scavenger receptor class A member 3 [Source:HGNC Symbol;Acc:HGNC:19000]"
"130","ENSG00000168398",1020.39519655174,1.0481433275065,0.164214936399251,6.38275269283771,1.73932680437204e-10,1.02781790375499e-08,"BDKRB2","bradykinin receptor B2 [Source:HGNC Symbol;Acc:HGNC:1030]"
"131","ENSG00000275713",239.980901215296,-1.51134606029654,0.238684796477359,-6.33197456478924,2.42043395198634e-10,1.40029720872608e-08,"H2BC9","H2B clustered histone 9 [Source:HGNC Symbol;Acc:HGNC:4755]"
"132","ENSG00000166851",78.7594662539483,-2.67557820154301,0.425205575954634,-6.29243441960054,3.12525378020805e-10,1.78311893266629e-08,"PLK1","polo like kinase 1 [Source:HGNC Symbol;Acc:HGNC:9077]"
"133","ENSG00000164543",789.728019529861,1.01009575473993,0.162599296008027,6.21217790936845,5.22552143224072e-10,2.96100950746078e-08,"STK17A","serine/threonine kinase 17a [Source:HGNC Symbol;Acc:HGNC:11395]"
"134","ENSG00000167992",53.2156057332555,3.23091603925924,0.520462878747323,6.20777421635829,5.37402843119682e-10,3.02444470825111e-08,"VWCE","von Willebrand factor C and EGF domains [Source:HGNC Symbol;Acc:HGNC:26487]"
"135","ENSG00000076641",220.256322613891,1.58598285743591,0.259975436926815,6.10051040276692,1.05730300517865e-09,5.79276010718079e-08,"PAG1","phosphoprotein membrane anchor with glycosphingolipid microdomains 1 [Source:HGNC Symbol;Acc:HGNC:30043]"
"136","ENSG00000171241",84.541282800639,-2.37966312905451,0.390390732402306,-6.09559329037099,1.09032303110578e-09,5.93437002390667e-08,"SHCBP1","SHC binding and spindle associated 1 [Source:HGNC Symbol;Acc:HGNC:29547]"
"137","ENSG00000196747",69.0417310039056,-2.44253666574555,0.403002202925248,-6.0608518961337,1.35402467778162e-09,7.27392607745929e-08,"H2AC13","H2A clustered histone 13 [Source:HGNC Symbol;Acc:HGNC:4725]"
"138","ENSG00000197153",73.2540681528618,-2.35544165993168,0.395542381564459,-5.95496657176249,2.60124994360846e-09,1.37070960404285e-07,"H3C12","H3 clustered histone 12 [Source:HGNC Symbol;Acc:HGNC:4774]"
"139","ENSG00000273703",44.3001035093015,-3.31538736174462,0.561934058409281,-5.89995803267343,3.63594044497621e-09,1.9038060317271e-07,"H2BC14","H2B clustered histone 14 [Source:HGNC Symbol;Acc:HGNC:4750]"
"140","ENSG00000128656",298.817242306367,-1.22494626373496,0.207854074606674,-5.89329925840016,3.78559918051756e-09,1.969702013863e-07,"CHN1","chimerin 1 [Source:HGNC Symbol;Acc:HGNC:1943]"
"141","ENSG00000244405",311.375079710158,1.23978164216478,0.211000882304109,5.87571781040194,4.21014988891615e-09,2.16302275483913e-07,"ETV5","ETS variant transcription factor 5 [Source:HGNC Symbol;Acc:HGNC:3494]"
"142","ENSG00000112984",315.877881241243,-3.52968092358979,0.601372516763659,-5.86937517960596,4.37440537880748e-09,2.22021200606591e-07,"KIF20A","kinesin family member 20A [Source:HGNC Symbol;Acc:HGNC:9787]"
"143","ENSG00000117724",659.043497804263,-3.04788331029403,0.520689415006493,-5.85355342830623,4.81179577094225e-09,2.42731624469544e-07,"CENPF","centromere protein F [Source:HGNC Symbol;Acc:HGNC:1857]"
"144","ENSG00000198805",133.987411366661,1.71088203271051,0.292518048347866,5.84880844916586,4.95106841926976e-09,2.48243569894659e-07,"PNP","purine nucleoside phosphorylase [Source:HGNC Symbol;Acc:HGNC:7892]"
"145","ENSG00000188215",477.517337857397,1.07746604552552,0.184723998982419,5.83284278957208,5.44909046870493e-09,2.69877402654607e-07,"DCUN1D3","defective in cullin neddylation 1 domain containing 3 [Source:HGNC Symbol;Acc:HGNC:28734]"
"146","ENSG00000224877",313.741588429114,1.19577404207798,0.205040677997098,5.83188689073152,5.48040658116451e-09,2.69877402654607e-07,"NDUFAF8","NADH:ubiquinone oxidoreductase complex assembly factor 8 [Source:HGNC Symbol;Acc:HGNC:33551]"
"147","ENSG00000169760",141.927860417766,-1.62575550445002,0.279520689848156,-5.81622600220819,6.0191075105518e-09,2.94651339850858e-07,"NLGN1","neuroligin 1 [Source:HGNC Symbol;Acc:HGNC:14291]"
"148","ENSG00000146411",174.744822240307,-1.49467819918096,0.257182455997485,-5.81174245880744,6.18259056039343e-09,2.99259092970527e-07,"SLC2A12","solute carrier family 2 member 12 [Source:HGNC Symbol;Acc:HGNC:18067]"
"149","ENSG00000151012",758.740698095473,-1.00111145708746,0.172868767864285,-5.79116441596555,6.99001076774939e-09,3.34267971569889e-07,"SLC7A11","solute carrier family 7 member 11 [Source:HGNC Symbol;Acc:HGNC:11059]"
"150","ENSG00000198517",423.704694674837,1.08696132395181,0.187947143370229,5.78333516785969,7.32339439826235e-09,3.46208239181854e-07,"MAFK","MAF bZIP transcription factor K [Source:HGNC Symbol;Acc:HGNC:6782]"
"151","ENSG00000152217",324.459134237364,-1.17096439812086,0.203960453966604,-5.74113449616363,9.40443586822513e-09,4.39564395128963e-07,"SETBP1","SET binding protein 1 [Source:HGNC Symbol;Acc:HGNC:15573]"
"152","ENSG00000196405",189.632234056325,-1.45825109999925,0.254368217635101,-5.73283531078225,9.87655225613541e-09,4.59037734915777e-07,"EVL","Enah/Vasp-like [Source:HGNC Symbol;Acc:HGNC:20234]"
"153","ENSG00000023445",48.2683567038942,2.84496876460163,0.498279161811218,5.70958808363634,1.13249933248477e-08,5.23417149589189e-07,"BIRC3","baculoviral IAP repeat containing 3 [Source:HGNC Symbol;Acc:HGNC:591]"
"154","ENSG00000163807",360.94278269562,-1.19383641991783,0.209235332356203,-5.70571139431382,1.15858165835926e-08,5.32497003311455e-07,"KIAA1143","KIAA1143 [Source:HGNC Symbol;Acc:HGNC:29198]"
"155","ENSG00000147119",79.4013919775532,2.16111630791318,0.379042381865549,5.70151627181298,1.18746397929454e-08,5.42756326005729e-07,"CHST7","carbohydrate sulfotransferase 7 [Source:HGNC Symbol;Acc:HGNC:13817]"
"156","ENSG00000182179",468.083823433877,-1.1336293588779,0.199970718851145,-5.66897676515209,1.43652843892107e-08,6.52988998637036e-07,"UBA7","ubiquitin like modifier activating enzyme 7 [Source:HGNC Symbol;Acc:HGNC:12471]"
"157","ENSG00000277224",135.547302734122,-1.75642285134751,0.310848507319636,-5.65041430146369,1.60061589659006e-08,7.23600836748062e-07,"H2BC7","H2B clustered histone 7 [Source:HGNC Symbol;Acc:HGNC:4752]"
"158","ENSG00000173846",243.321194111812,1.332659869479,0.237691892032308,5.60666944961614,2.06257036923418e-08,9.2235917106348e-07,"PLK3","polo like kinase 3 [Source:HGNC Symbol;Acc:HGNC:2154]"
"159","ENSG00000187800",282.509116118187,-1.31390358143405,0.235129534331063,-5.58799890950352,2.29701086447547e-08,1.02167585386051e-06,"PEAR1","platelet endothelial aggregation receptor 1 [Source:HGNC Symbol;Acc:HGNC:33631]"
"160","ENSG00000274997",92.0561385946905,-1.91806740310507,0.343335844315539,-5.5865632291579,2.31607246672064e-08,1.02464532177432e-06,"H2AC12","H2A clustered histone 12 [Source:HGNC Symbol;Acc:HGNC:13671]"
"161","ENSG00000176971",392.360653945312,-1.24099387779213,0.222253781835344,-5.58367946562779,2.35482537646913e-08,1.03624842231538e-06,"FIBIN","fin bud initiation factor homolog [Source:HGNC Symbol;Acc:HGNC:33747]"
"162","ENSG00000244694",42.1275580199315,3.00593186635696,0.54067193578037,5.55962251308347,2.70358760574464e-08,1.16684723933735e-06,"PTCHD4","patched domain containing 4 [Source:HGNC Symbol;Acc:HGNC:21345]"
"163","ENSG00000137273",212.505196405263,-1.36042475732041,0.244705539213351,-5.5594358905554,2.70647987005323e-08,1.16684723933735e-06,"FOXF2","forkhead box F2 [Source:HGNC Symbol;Acc:HGNC:3810]"
"164","ENSG00000170855",275.745866132529,1.22686520184548,0.220685546100435,5.55933645643981,2.70802211957901e-08,1.16684723933735e-06,"TRIAP1","TP53 regulated inhibitor of apoptosis 1 [Source:HGNC Symbol;Acc:HGNC:26937]"
"165","ENSG00000241749",102.799822374732,1.78629357275559,0.322820406170844,5.53339732746089,3.14086870301872e-08,1.33940241134401e-06,"RPSAP52","ribosomal protein SA pseudogene 52 [Source:HGNC Symbol;Acc:HGNC:35752]"
"166","ENSG00000068489",122.848994329957,-1.84454736070796,0.333439038547271,-5.53188783396297,3.16802474065235e-08,1.34405480407266e-06,"PRR11","proline rich 11 [Source:HGNC Symbol;Acc:HGNC:25619]"
"167","ENSG00000153721",211.356048112949,-1.31947824321606,0.238573510360574,-5.53069886603017,3.18957469547432e-08,1.34629344161526e-06,"CNKSR3","CNKSR family member 3 [Source:HGNC Symbol;Acc:HGNC:23034]"
"168","ENSG00000165891",106.493175398994,1.81871845735513,0.329830608268221,5.51409848499,3.50572259364686e-08,1.46479005137578e-06,"E2F7","E2F transcription factor 7 [Source:HGNC Symbol;Acc:HGNC:23820]"
"169","ENSG00000184258",1080.344483523,1.14681344618598,0.208276548502887,5.506205352592,3.66650815990997e-08,1.52427246266006e-06,"CDR1","cerebellar degeneration related protein 1 [Source:HGNC Symbol;Acc:HGNC:1798]"
"170","ENSG00000163814",130.032877667497,1.61967125615895,0.294363638987118,5.50228031468871,3.74910237306336e-08,1.55081619661766e-06,"CDCP1","CUB domain containing protein 1 [Source:HGNC Symbol;Acc:HGNC:24357]"
"171","ENSG00000144583",270.164277388179,1.23549329684861,0.22493632376977,5.49263576528078,3.95978926810161e-08,1.62981774204003e-06,"MARCHF4","membrane associated ring-CH-type finger 4 [Source:HGNC Symbol;Acc:HGNC:29269]"
"172","ENSG00000275379",94.924234566767,-1.84057541434832,0.335342853956834,-5.48863765137884,4.05045557397333e-08,1.65888212690502e-06,"H3C11","H3 clustered histone 11 [Source:HGNC Symbol;Acc:HGNC:4771]"
"173","ENSG00000100739",134.543973459935,1.56863147166116,0.287345989671626,5.45903380608779,4.78732610183972e-08,1.93197799222049e-06,"BDKRB1","bradykinin receptor B1 [Source:HGNC Symbol;Acc:HGNC:1029]"
"174","ENSG00000274618",257.352677308214,-1.26460062984353,0.231994391938883,-5.45099654898848,5.00883424803808e-08,2.00969034132405e-06,"H4C6","H4 clustered histone 6 [Source:HGNC Symbol;Acc:HGNC:4783]"
"175","ENSG00000138166",230.77769743587,1.27053944488654,0.233113648457909,5.45030054349626,5.02847698119278e-08,2.00969034132405e-06,"DUSP5","dual specificity phosphatase 5 [Source:HGNC Symbol;Acc:HGNC:3071]"
"176","ENSG00000118898",323.978713236203,-1.26947066828444,0.233029538676947,-5.44768133470122,5.10306789872751e-08,2.0296961887583e-06,"PPL","periplakin [Source:HGNC Symbol;Acc:HGNC:9273]"
"177","ENSG00000158246",61.9846262090398,-2.30907677487887,0.424632090225388,-5.43782918915349,5.39336415800808e-08,2.13489481718664e-06,"TENT5B","terminal nucleotidyltransferase 5B [Source:HGNC Symbol;Acc:HGNC:28273]"
"178","ENSG00000179431",174.308878844507,1.38958459668187,0.257147313666243,5.40384644455374,6.52267895174817e-08,2.55744658615226e-06,"FJX1","four-jointed box kinase 1 [Source:HGNC Symbol;Acc:HGNC:17166]"
"179","ENSG00000186193",36.1070495850655,-3.32854598537258,0.61725209894206,-5.39252274893442,6.947530049957e-08,2.71117528789124e-06,"SAPCD2","suppressor APC domain containing 2 [Source:HGNC Symbol;Acc:HGNC:28055]"
"180","ENSG00000102359",408.141840637412,1.03749331250731,0.192651833741295,5.38532798966515,7.23126610817997e-08,2.80865091610201e-06,"SRPX2","sushi repeat containing protein X-linked 2 [Source:HGNC Symbol;Acc:HGNC:30668]"
"181","ENSG00000162063",127.714105339585,-1.61827079649283,0.300653353377417,-5.38251370993816,7.34527804225929e-08,2.83960211418743e-06,"CCNF","cyclin F [Source:HGNC Symbol;Acc:HGNC:1591]"
"182","ENSG00000151692",37.3992541569952,-3.17379622814723,0.593222887641409,-5.35009065608696,8.79101830060549e-08,3.38270206515857e-06,"RNF144A","ring finger protein 144A [Source:HGNC Symbol;Acc:HGNC:20457]"
"183","ENSG00000120802",141.182264445482,-1.53858455247014,0.287829174177911,-5.34547811862576,9.01786922048211e-08,3.45392741023373e-06,"TMPO","thymopoietin [Source:HGNC Symbol;Acc:HGNC:11875]"
"184","ENSG00000276180",56.756946216902,-2.31692493847901,0.435961965792616,-5.31451163237748,1.06943750896667e-07,4.00337398718611e-06,"H4C9","H4 clustered histone 9 [Source:HGNC Symbol;Acc:HGNC:4793]"
"185","ENSG00000185130",107.433944350239,-1.6847558948851,0.31762249372234,-5.30427135415,1.13123933244664e-07,4.20763582817946e-06,"H2BC13","H2B clustered histone 13 [Source:HGNC Symbol;Acc:HGNC:4748]"
"186","ENSG00000177076",47.9478625510651,2.85028525176717,0.537404509254266,5.30379854036281,1.13417477297718e-07,4.20763582817946e-06,"ACER2","alkaline ceramidase 2 [Source:HGNC Symbol;Acc:HGNC:23675]"
"187","ENSG00000158406",406.063238527575,-1.09782767320102,0.207884955108494,-5.28093854905504,1.28523795696301e-07,4.74677393658704e-06,"H4C8","H4 clustered histone 8 [Source:HGNC Symbol;Acc:HGNC:4788]"
"188","ENSG00000189058",868.158433172911,2.42910883009334,0.461473856938807,5.2638059416992,1.4110338857401e-07,5.16525811359639e-06,"APOD","apolipoprotein D [Source:HGNC Symbol;Acc:HGNC:612]"
"189","ENSG00000274290",75.3520240658425,-1.996012534898,0.381939637533913,-5.22598949872223,1.73226191039547e-07,6.31321708577168e-06,"H2BC6","H2B clustered histone 6 [Source:HGNC Symbol;Acc:HGNC:4753]"
"190","ENSG00000170153",322.139607360265,-1.13230458328209,0.217170113170505,-5.21390612525535,1.8490506676309e-07,6.70929656724141e-06,"RNF150","ring finger protein 150 [Source:HGNC Symbol;Acc:HGNC:23138]"
"191","ENSG00000102802",187.7852505398,1.28631549827472,0.247176782803252,5.20403042586164,1.95012056992718e-07,7.01449890217721e-06,"MEDAG","mesenteric estrogen dependent adipogenesis [Source:HGNC Symbol;Acc:HGNC:25926]"
"192","ENSG00000163956",232.873089806228,1.17758757756348,0.226558542478322,5.19771872065322,2.01749093625383e-07,7.22541234442766e-06,"LRPAP1","LDL receptor related protein associated protein 1 [Source:HGNC Symbol;Acc:HGNC:6701]"
"193","ENSG00000101384",233.92582207157,-1.28151281144098,0.246633411492577,-5.19602272735683,2.03597378743575e-07,7.26017721700687e-06,"JAG1","jagged canonical Notch ligand 1 [Source:HGNC Symbol;Acc:HGNC:6188]"
"194","ENSG00000154864",344.709926372755,-1.02898547048869,0.198914374762547,-5.173007087683,2.30356272067181e-07,8.14417708893927e-06,"PIEZO2","piezo type mechanosensitive ion channel component 2 [Source:HGNC Symbol;Acc:HGNC:26270]"
"195","ENSG00000169071",147.484855780971,-1.48912571425235,0.288229176792298,-5.16646416863423,2.3856391072852e-07,8.39846482322147e-06,"ROR2","receptor tyrosine kinase like orphan receptor 2 [Source:HGNC Symbol;Acc:HGNC:10257]"
"196","ENSG00000170836",298.45931288023,1.19337247311012,0.231036886583818,5.16528979746781,2.40066682132719e-07,8.41555788679653e-06,"PPM1D","protein phosphatase, Mg2+/Mn2+ dependent 1D [Source:HGNC Symbol;Acc:HGNC:9277]"
"197","ENSG00000273802",325.186903452584,-1.13962405910265,0.221177056962503,-5.152541926154,2.56979140043149e-07,8.97041529779314e-06,"H2BC8","H2B clustered histone 8 [Source:HGNC Symbol;Acc:HGNC:4746]"
"198","ENSG00000171724",50.6239930535631,-2.43320945328269,0.47463679434358,-5.12646613638078,2.95231128441092e-07,1.02194440401387e-05,"VAT1L","vesicle amine transport 1 like [Source:HGNC Symbol;Acc:HGNC:29315]"
"199","ENSG00000137463",287.138320247794,1.08548236532922,0.211876400652116,5.12318673523008,3.00414565479928e-07,1.03125713701886e-05,"MGARP","mitochondria localized glutamic acid rich protein [Source:HGNC Symbol;Acc:HGNC:29969]"
"200","ENSG00000119771",188.983021998169,-1.30144345228707,0.255513425167215,-5.09344450858253,3.51615998000285e-07,1.20203270721337e-05,"KLHL29","kelch like family member 29 [Source:HGNC Symbol;Acc:HGNC:29404]"
"201","ENSG00000183508",135.351365306719,-1.78626042476303,0.351529640685867,-5.08139348157915,3.74676092943424e-07,1.27559478062591e-05,"TENT5C","terminal nucleotidyltransferase 5C [Source:HGNC Symbol;Acc:HGNC:24712]"
"202","ENSG00000124766",250.229166948573,-1.20612790721627,0.238143367785525,-5.06471340534048,4.09015214966813e-07,1.38113586670222e-05,"SOX4","SRY-box transcription factor 4 [Source:HGNC Symbol;Acc:HGNC:11200]"
"203","ENSG00000162636",181.966525190408,-1.31332216947039,0.259640588132087,-5.05823137637582,4.23162807856861e-07,1.42309996317066e-05,"FAM102B","family with sequence similarity 102 member B [Source:HGNC Symbol;Acc:HGNC:27637]"
"204","ENSG00000278677",108.041173362038,-1.61495091444659,0.320472899490405,-5.03927451280462,4.67299823258181e-07,1.55885945073183e-05,"H2AC17","H2A clustered histone 17 [Source:HGNC Symbol;Acc:HGNC:4735]"
"205","ENSG00000128590",242.766083292161,1.24412135219602,0.247310664970473,5.03060129794468,4.88943972969745e-07,1.61801339535148e-05,"DNAJB9","DnaJ heat shock protein family (Hsp40) member B9 [Source:HGNC Symbol;Acc:HGNC:6968]"
"206","ENSG00000278637",57.9010600738511,-2.18245673756766,0.435259321028915,-5.01415278691454,5.32676478027851e-07,1.74569188177626e-05,"H4C1","H4 clustered histone 1 [Source:HGNC Symbol;Acc:HGNC:4781]"
"207","ENSG00000176887",82.2913174810857,-1.85229182693236,0.36944409368959,-5.01372699840389,5.33857181299884e-07,1.74569188177626e-05,"SOX11","SRY-box transcription factor 11 [Source:HGNC Symbol;Acc:HGNC:11191]"
"208","ENSG00000127083",31.0394577821226,-3.23924614646243,0.646288892154421,-5.01207151443423,5.38471830619882e-07,1.75384939162137e-05,"OMD","osteomodulin [Source:HGNC Symbol;Acc:HGNC:8134]"
"209","ENSG00000141574",401.611858905274,-1.11039606305579,0.22173027073627,-5.0078686115732,5.50360815973272e-07,1.78554314923407e-05,"SECTM1","secreted and transmembrane 1 [Source:HGNC Symbol;Acc:HGNC:10707]"
"210","ENSG00000163808",72.1923701088908,-2.01067506809064,0.404372080936333,-4.97233899886183,6.61499016646028e-07,2.12940909132786e-05,"KIF15","kinesin family member 15 [Source:HGNC Symbol;Acc:HGNC:17273]"
"211","ENSG00000196932",56.3947923737058,-2.19865483663773,0.445531314461447,-4.9349052811146,8.01896666032853e-07,2.54179736325279e-05,"TMEM26","transmembrane protein 26 [Source:HGNC Symbol;Acc:HGNC:28550]"
"212","ENSG00000180340",257.848411684707,-1.08506077867217,0.220434047472256,-4.92238286741408,8.54967383214064e-07,2.69967372569845e-05,"FZD2","frizzled class receptor 2 [Source:HGNC Symbol;Acc:HGNC:4040]"
"213","ENSG00000010292",612.577847962118,-1.03300936542079,0.212203315826022,-4.86801707786563,1.12723591034853e-06,3.47970995757964e-05,"NCAPD2","non-SMC condensin I complex subunit D2 [Source:HGNC Symbol;Acc:HGNC:24305]"
"214","ENSG00000154736",161.023611146206,-1.33128919283758,0.273637699642974,-4.86515269853008,1.14368474138112e-06,3.51736203176432e-05,"ADAMTS5","ADAM metallopeptidase with thrombospondin type 1 motif 5 [Source:HGNC Symbol;Acc:HGNC:221]"
"215","ENSG00000124635",164.404520800632,-1.30086302037274,0.267465058147321,-4.86367463990837,1.15226265383526e-06,3.5306181241404e-05,"H2BC11","H2B clustered histone 11 [Source:HGNC Symbol;Acc:HGNC:4761]"
"216","ENSG00000189320",233.333769727477,1.14246700146432,0.235863436815558,4.84376475170976,1.2740176535102e-06,3.87498089981245e-05,"FAM180A","family with sequence similarity 180 member A [Source:HGNC Symbol;Acc:HGNC:33773]"
"217","ENSG00000143028",415.088760695224,-1.0756279789985,0.222253728142483,-4.83963975762392,1.30074692675201e-06,3.93250881127163e-05,"SYPL2","synaptophysin like 2 [Source:HGNC Symbol;Acc:HGNC:27638]"
"218","ENSG00000136040",102.312796687901,-1.61143352800168,0.333028578213928,-4.83872446215873,1.30675059038537e-06,3.93250881127163e-05,"PLXNC1","plexin C1 [Source:HGNC Symbol;Acc:HGNC:9106]"
"219","ENSG00000180332",23.058485452881,4.92706177300794,1.01900520727817,4.83516839542798,1.3303296900311e-06,3.97321932333116e-05,"KCTD4","potassium channel tetramerization domain containing 4 [Source:HGNC Symbol;Acc:HGNC:23227]"
"220","ENSG00000136158",219.711230905096,1.11271554090283,0.231824716091462,4.79981409947606,1.58812977640425e-06,4.70917478143095e-05,"SPRY2","sprouty RTK signaling antagonist 2 [Source:HGNC Symbol;Acc:HGNC:11270]"
"221","ENSG00000104368",60.7852232244664,2.18065214570099,0.456084594933002,4.78124490484341,1.74212969589947e-06,5.11086488445969e-05,"PLAT","plasminogen activator, tissue type [Source:HGNC Symbol;Acc:HGNC:9051]"
"222","ENSG00000163735",22.2158072610819,4.85576335398821,1.01920973057926,4.7642435195634,1.8956346218156e-06,5.52203705150721e-05,"CXCL5","C-X-C motif chemokine ligand 5 [Source:HGNC Symbol;Acc:HGNC:10642]"
"223","ENSG00000104689",49.3759965151014,2.24407556020335,0.471481178171301,4.75962915191499,1.93948987193238e-06,5.62996481070055e-05,"TNFRSF10A","TNF receptor superfamily member 10a [Source:HGNC Symbol;Acc:HGNC:11904]"
"224","ENSG00000110328",47.3132207747921,2.27809029662599,0.479130362537424,4.75463563728556,1.98804633777248e-06,5.75073683650061e-05,"GALNT18","polypeptide N-acetylgalactosaminyltransferase 18 [Source:HGNC Symbol;Acc:HGNC:30488]"
"225","ENSG00000278463",81.3989464271351,-1.6897003470448,0.356051051019498,-4.74566875229436,2.07818569234729e-06,5.96973271971846e-05,"H2AC4","H2A clustered histone 4 [Source:HGNC Symbol;Acc:HGNC:4734]"
"226","ENSG00000011201",28.8893841906257,3.1272789838642,0.659929922116492,4.73880465040069,2.14982630520209e-06,6.1541567553415e-05,"ANOS1","anosmin 1 [Source:HGNC Symbol;Acc:HGNC:6211]"
"227","ENSG00000153814",195.713157062821,-1.1938541252429,0.251971550187657,-4.73805127743104,2.15783217554826e-06,6.1557743407968e-05,"JAZF1","JAZF zinc finger 1 [Source:HGNC Symbol;Acc:HGNC:28917]"
"228","ENSG00000121621",115.122580748169,-1.45687042756898,0.30935927834304,-4.70931544504542,2.48550151302427e-06,7.06616976537792e-05,"KIF18A","kinesin family member 18A [Source:HGNC Symbol;Acc:HGNC:29441]"
"229","ENSG00000124610",60.91419458112,-1.94837763838242,0.414392176600051,-4.70177225440935,2.5791307899148e-06,7.30724281676888e-05,"H1-1","H1.1 linker histone, cluster member [Source:HGNC Symbol;Acc:HGNC:4715]"
"230","ENSG00000164109",63.8962731264955,-1.90360825987014,0.406956711249784,-4.6776676910526,2.90156265534645e-06,8.10967157016257e-05,"MAD2L1","mitotic arrest deficient 2 like 1 [Source:HGNC Symbol;Acc:HGNC:6763]"
"231","ENSG00000158555",92.9601520837412,-1.58580476283219,0.341898726613414,-4.63822950889567,3.51406445173451e-06,9.65842365754139e-05,"GDPD5","glycerophosphodiester phosphodiesterase domain containing 5 [Source:HGNC Symbol;Acc:HGNC:28804]"
"232","ENSG00000164122",217.331541244147,1.16835117896102,0.252988739906458,4.61819438838666,3.87093551478943e-06,0.000104997539389682,"ASB5","ankyrin repeat and SOCS box containing 5 [Source:HGNC Symbol;Acc:HGNC:17180]"
"233","ENSG00000143162",348.765864261351,1.07404515464306,0.234095765269816,4.58805888011314,4.47386468943381e-06,0.000120169748622357,"CREG1","cellular repressor of E1A stimulated genes 1 [Source:HGNC Symbol;Acc:HGNC:2351]"
"234","ENSG00000187955",74.3697592126018,-1.77366015793537,0.386718970916493,-4.58643172775293,4.50885751812269e-06,0.000120717728956081,"COL14A1","collagen type XIV alpha 1 chain [Source:HGNC Symbol;Acc:HGNC:2191]"
"235","ENSG00000168497",219.038354734107,1.1334050137239,0.247296498932051,4.58318261123188,4.57951773707433e-06,0.000122214033028439,"CAVIN2","caveolae associated protein 2 [Source:HGNC Symbol;Acc:HGNC:10690]"
"236","ENSG00000275714",100.120004323589,-1.55359968578779,0.340615575040497,-4.56115280577841,5.08735406957934e-06,0.000134465432005207,"H3C1","H3 clustered histone 1 [Source:HGNC Symbol;Acc:HGNC:4766]"
"237","ENSG00000026652",97.0772076001673,-1.51332682149586,0.332379789371257,-4.55300493558447,5.28850319158014e-06,0.00013933690096797,"AGPAT4","1-acylglycerol-3-phosphate O-acyltransferase 4 [Source:HGNC Symbol;Acc:HGNC:20885]"
"238","ENSG00000167900",206.397633207901,-2.90632012181438,0.638696252690036,-4.55039482316305,5.35453471134995e-06,0.000140628779895232,"TK1","thymidine kinase 1 [Source:HGNC Symbol;Acc:HGNC:11830]"
"239","ENSG00000124749",41.57243465699,-2.30707561457415,0.507550931612867,-4.54550562490913,5.48035335376469e-06,0.000142575356275771,"COL21A1","collagen type XXI alpha 1 chain [Source:HGNC Symbol;Acc:HGNC:17025]"
"240","ENSG00000125538",195.230414521021,3.86127331570952,0.855887109500527,4.51142828633423,6.43925543015932e-06,0.000163913723611409,"IL1B","interleukin 1 beta [Source:HGNC Symbol;Acc:HGNC:5992]"
"241","ENSG00000149596",89.7427741351105,-1.55048008362698,0.343788642869815,-4.50998052374322,6.48335778170848e-06,0.000164530119411271,"JPH2","junctophilin 2 [Source:HGNC Symbol;Acc:HGNC:14202]"
"242","ENSG00000203668",256.765491437611,-1.00747362724942,0.223824778596643,-4.50117111057218,6.75800727618677e-06,0.000170454250597235,"CHML","CHM like Rab escort protein [Source:HGNC Symbol;Acc:HGNC:1941]"
"243","ENSG00000116171",198.067199705489,1.09019256447977,0.242331149684892,4.49877189085005,6.83471448087784e-06,0.000171865024013077,"SCP2","sterol carrier protein 2 [Source:HGNC Symbol;Acc:HGNC:10606]"
"244","ENSG00000128016",159.368575977215,-1.17980028649937,0.262796646864042,-4.48940388158658,7.14227659091158e-06,0.000177976066977745,"ZFP36","ZFP36 ring finger protein [Source:HGNC Symbol;Acc:HGNC:12862]"
"245","ENSG00000163734",19.0824556976589,4.63950893325241,1.04010498061078,4.46061601447958,8.17244035799083e-06,0.000201222021076363,"CXCL3","C-X-C motif chemokine ligand 3 [Source:HGNC Symbol;Acc:HGNC:4604]"
"246","ENSG00000113805",221.357400825963,-1.04022307741661,0.233426990332537,-4.45631019761134,8.33823567924656e-06,0.000204695026036815,"CNTN3","contactin 3 [Source:HGNC Symbol;Acc:HGNC:2173]"
"247","ENSG00000277893",74.8117044196855,2.04324067567205,0.459652472967426,4.44518586505428,8.78159120985044e-06,0.000214307091678739,"SRD5A2","steroid 5 alpha-reductase 2 [Source:HGNC Symbol;Acc:HGNC:11285]"
"248","ENSG00000223749",48.4988421336762,-2.04431568845644,0.461163528690383,-4.43295178667296,9.29516576149972e-06,0.0002254668366597,"MIR503HG","MIR503 host gene [Source:HGNC Symbol;Acc:HGNC:28258]"
"249","ENSG00000136244",226.010321131581,1.13097542612257,0.255163150829038,4.43236189256942,9.32064041310497e-06,0.0002254668366597,"IL6","interleukin 6 [Source:HGNC Symbol;Acc:HGNC:6018]"
"250","ENSG00000197780",204.935989045735,1.06185059298808,0.240288107961004,4.41907259580405,9.91253488832673e-06,0.000237699713423557,"TAF13","TATA-box binding protein associated factor 13 [Source:HGNC Symbol;Acc:HGNC:11546]"
"251","ENSG00000170345",331.700185571035,-4.36199175065625,0.993789266781187,-4.38925222525741,1.13741088428035e-05,0.000269621783543017,"FOS","Fos proto-oncogene, AP-1 transcription factor subunit [Source:HGNC Symbol;Acc:HGNC:3796]"
"252","ENSG00000156103",222.934829874408,1.05840995803506,0.242557961024052,4.36353419845125,1.27977923601795e-05,0.000298242637171169,"MMP16","matrix metallopeptidase 16 [Source:HGNC Symbol;Acc:HGNC:7162]"
"253","ENSG00000213190",120.807524338315,1.30432683094418,0.300357191281414,4.34258565736193,1.40815555241374e-05,0.000324503367273507,"MLLT11","MLLT11 transcription factor 7 cofactor [Source:HGNC Symbol;Acc:HGNC:16997]"
"254","ENSG00000164920",31.098060106541,-2.57527232043961,0.596637681843501,-4.31630853834523,1.58660172827569e-05,0.0003586326802739,"OSR2","odd-skipped related transciption factor 2 [Source:HGNC Symbol;Acc:HGNC:15830]"
"255","ENSG00000133056",74.6653738929713,-1.64859157387764,0.382103630416875,-4.31451429047932,1.59954187407469e-05,0.000359592660984237,"PIK3C2B","phosphatidylinositol-4-phosphate 3-kinase catalytic subunit type 2 beta [Source:HGNC Symbol;Acc:HGNC:8972]"
"256","ENSG00000166897",91.9326073389456,1.52160524427911,0.352779032531055,4.31319637497211,1.60911072184548e-05,0.000360763495984489,"ELFN2","extracellular leucine rich repeat and fibronectin type III domain containing 2 [Source:HGNC Symbol;Acc:HGNC:29396]"
"257","ENSG00000075218",35.7215355238551,-2.43323155383103,0.570705741257832,-4.26354840669414,2.01205887068563e-05,0.000432357481485252,"GTSE1","G2 and S-phase expressed 1 [Source:HGNC Symbol;Acc:HGNC:13698]"
"258","ENSG00000176771",150.019693547158,1.14588455470805,0.269121786648548,4.25786618384963,2.06387421684703e-05,0.000442342782279158,"NCKAP5","NCK associated protein 5 [Source:HGNC Symbol;Acc:HGNC:29847]"
"259","ENSG00000146232",104.90178665585,1.33899540115394,0.314569290427244,4.25659923553037,2.07559930926036e-05,0.000443706281279353,"NFKBIE","NFKB inhibitor epsilon [Source:HGNC Symbol;Acc:HGNC:7799]"
"260","ENSG00000136928",49.7277902321488,2.07365774509462,0.488371700742296,4.2460645077157,2.17558018573738e-05,0.000463880795788797,"GABBR2","gamma-aminobutyric acid type B receptor subunit 2 [Source:HGNC Symbol;Acc:HGNC:4507]"
"261","ENSG00000137285",35.0672245888055,-2.41801096823188,0.57056595468935,-4.23791666565243,2.25603471466151e-05,0.000479798848184953,"TUBB2B","tubulin beta 2B class IIb [Source:HGNC Symbol;Acc:HGNC:30829]"
"262","ENSG00000185634",38.4735553428813,2.27304823921743,0.54018198600203,4.20793047180379,2.57720131748712e-05,0.000538413800494216,"SHC4","SHC adaptor protein 4 [Source:HGNC Symbol;Acc:HGNC:16743]"
"263","ENSG00000106537",51.3641224181144,1.90627269225449,0.453416974215448,4.20423760171954,2.61963642770405e-05,0.000545900558347497,"TSPAN13","tetraspanin 13 [Source:HGNC Symbol;Acc:HGNC:21643]"
"264","ENSG00000181804",134.925151940619,-1.17899802153488,0.280574685896828,-4.20208265676691,2.64470525115038e-05,0.000549739862883596,"SLC9A9","solute carrier family 9 member A9 [Source:HGNC Symbol;Acc:HGNC:20653]"
"265","ENSG00000164855",93.0363124885905,1.39996511121538,0.334651273928014,4.18335509314847,2.87238203691243e-05,0.000595569338129739,"TMEM184A","transmembrane protein 184A [Source:HGNC Symbol;Acc:HGNC:28797]"
"266","ENSG00000276903",77.5936852694919,-1.60513306874955,0.384204889912767,-4.17780489236875,2.94335967187958e-05,0.000607242258490269,"H2AC16","H2A clustered histone 16 [Source:HGNC Symbol;Acc:HGNC:4730]"
"267","ENSG00000134574",206.91331236223,1.10948363525308,0.26653214758835,4.16266347340073,3.14556791595427e-05,0.000644140677442814,"DDB2","damage specific DNA binding protein 2 [Source:HGNC Symbol;Acc:HGNC:2718]"
"268","ENSG00000150347",174.560623372658,-1.06523092366809,0.256253325936899,-4.1569447724179,3.22531919956476e-05,0.000657218367931016,"ARID5B","AT-rich interaction domain 5B [Source:HGNC Symbol;Acc:HGNC:17362]"
"269","ENSG00000135451",16.6616218597634,-4.41735616999092,1.06662780629064,-4.14142228801718,3.45158818623351e-05,0.000699877182958574,"TROAP","trophinin associated protein [Source:HGNC Symbol;Acc:HGNC:12327]"
"270","ENSG00000109321",26.6103689672561,2.74606725160625,0.66415223434148,4.13469549542212,3.5542558557888e-05,0.000718932975426423,"AREG","amphiregulin [Source:HGNC Symbol;Acc:HGNC:651]"
"271","ENSG00000018625",21.1261707954178,-3.25575239519977,0.789798030923383,-4.12225944827102,3.7517430345225e-05,0.000757028539624504,"ATP1A2","ATPase Na+/K+ transporting subunit alpha 2 [Source:HGNC Symbol;Acc:HGNC:800]"
"272","ENSG00000148773",16.4720887464439,-4.38316233711706,1.06514281487878,-4.11509355918238,3.87022400219948e-05,0.000779035600248085,"MKI67","marker of proliferation Ki-67 [Source:HGNC Symbol;Acc:HGNC:7107]"
"273","ENSG00000163507",129.71044573005,-1.1960921465064,0.290874833382639,-4.11205098975671,3.92159656278222e-05,0.000784960905635637,"CIP2A","cell proliferation regulating inhibitor of protein phosphatase 2A [Source:HGNC Symbol;Acc:HGNC:29302]"
"274","ENSG00000152229",124.544092139548,1.23700917693438,0.300853441815115,4.11166702787653,3.92812540714558e-05,0.000784960905635637,"PSTPIP2","proline-serine-threonine phosphatase interacting protein 2 [Source:HGNC Symbol;Acc:HGNC:9581]"
"275","ENSG00000123080",52.0888823958805,-1.83265460918756,0.446064088704907,-4.1085006742158,3.98236042475325e-05,0.000793881151662257,"CDKN2C","cyclin dependent kinase inhibitor 2C [Source:HGNC Symbol;Acc:HGNC:1789]"
"276","ENSG00000016391",53.6846546652814,-1.86405631253929,0.453936420940629,-4.10642598070598,4.01828145419248e-05,0.000797200059245429,"CHDH","choline dehydrogenase [Source:HGNC Symbol;Acc:HGNC:24288]"
"277","ENSG00000113070",39.9816020784901,2.18622002576144,0.533414780819934,4.09853664422443,4.15770421221035e-05,0.000820923316172224,"HBEGF","heparin binding EGF like growth factor [Source:HGNC Symbol;Acc:HGNC:3059]"
"278","ENSG00000122547",42.465885831277,-2.10269805048816,0.513899297503424,-4.09165387207821,4.28307606602159e-05,0.000841660054493982,"EEPD1","endonuclease/exonuclease/phosphatase family domain containing 1 [Source:HGNC Symbol;Acc:HGNC:22223]"
"279","ENSG00000172817",52.4020130206156,1.81075300941084,0.442647632802924,4.09073239123595,4.30013085012686e-05,0.000843009064528425,"CYP7B1","cytochrome P450 family 7 subfamily B member 1 [Source:HGNC Symbol;Acc:HGNC:2652]"
"280","ENSG00000133321",64.6110807985284,-1.64269718173978,0.40176915668994,-4.08865925715526,4.33873626205852e-05,0.000848566550733101,"PLAAT4","phospholipase A and acyltransferase 4 [Source:HGNC Symbol;Acc:HGNC:9869]"
"281","ENSG00000162496",1077.9285352633,-1.72034819478023,0.421114994057028,-4.08522189677069,4.40347139389424e-05,0.000858207309059854,"DHRS3","dehydrogenase/reductase 3 [Source:HGNC Symbol;Acc:HGNC:17693]"
"282","ENSG00000254535",75.9835697408215,-1.50083646601759,0.368020462845183,-4.07813319513417,4.53987569846238e-05,0.000877532515265871,"PABPC4L","poly(A) binding protein cytoplasmic 4 like [Source:HGNC Symbol;Acc:HGNC:31955]"
"283","ENSG00000115008",31.5528232232658,2.34937143510407,0.576390949197888,4.07600334178301,4.58163604995247e-05,0.000883540210751906,"IL1A","interleukin 1 alpha [Source:HGNC Symbol;Acc:HGNC:5991]"
"284","ENSG00000078018",29.140716922229,-2.45865016595036,0.605348636516711,-4.06154407169048,4.87492127790761e-05,0.000933569993799297,"MAP2","microtubule associated protein 2 [Source:HGNC Symbol;Acc:HGNC:6839]"
"285","ENSG00000113368",29.5936868189605,-2.38942383940232,0.595981375361388,-4.00922568755346,6.09181736446614e-05,0.00114280283574214,"LMNB1","lamin B1 [Source:HGNC Symbol;Acc:HGNC:6637]"
"286","ENSG00000013810",48.254653387159,-1.8456005329341,0.461401085564656,-3.99999174400616,6.33446935057685e-05,0.00117764190870387,"TACC3","transforming acidic coiled-coil containing protein 3 [Source:HGNC Symbol;Acc:HGNC:11524]"
"287","ENSG00000109674",34.8105391337658,-2.2095757999485,0.55316919207755,-3.99439417739435,6.48598817230197e-05,0.00120041566329875,"NEIL3","nei like DNA glycosylase 3 [Source:HGNC Symbol;Acc:HGNC:24573]"
"288","ENSG00000074047",122.92482850159,-1.16468708004641,0.292081663334075,-3.98753919281224,6.67621779121299e-05,0.00122782937720103,"GLI2","GLI family zinc finger 2 [Source:HGNC Symbol;Acc:HGNC:4318]"
"289","ENSG00000158373",39.9420319314542,2.01992043554887,0.507439147672105,3.98061608926968,6.87368857575476e-05,0.00125809791122166,"H2BC5","H2B clustered histone 5 [Source:HGNC Symbol;Acc:HGNC:4747]"
"290","ENSG00000153044",36.4219520748008,-2.13328842662398,0.536251046980843,-3.97815246913669,6.94528320855776e-05,0.00126560193798234,"CENPH","centromere protein H [Source:HGNC Symbol;Acc:HGNC:17268]"
"291","ENSG00000120875",38.7107093862303,2.03180564429908,0.51173646635866,3.97041402727602,7.17478428417801e-05,0.00129318061836611,"DUSP4","dual specificity phosphatase 4 [Source:HGNC Symbol;Acc:HGNC:3070]"
"292","ENSG00000139318",101.832884711922,1.25346231809462,0.316773443254542,3.95696781023216,7.59071549463078e-05,0.00136221234896053,"DUSP6","dual specificity phosphatase 6 [Source:HGNC Symbol;Acc:HGNC:3072]"
"293","ENSG00000185532",54.4764181871948,-1.68498646562267,0.426757898056167,-3.94834278005771,7.86940714070566e-05,0.00140432871649606,"PRKG1","protein kinase cGMP-dependent 1 [Source:HGNC Symbol;Acc:HGNC:9414]"
"294","ENSG00000146426",82.9455068477426,-1.39901392430286,0.354348286892138,-3.94813232081101,7.87632690020755e-05,0.00140432871649606,"TIAM2","TIAM Rac1 associated GEF 2 [Source:HGNC Symbol;Acc:HGNC:11806]"
"295","ENSG00000150540",182.845677219226,-1.04840550754977,0.266066165166675,-3.94039395010261,8.13479072863066e-05,0.00144729298275186,"HNMT","histamine N-methyltransferase [Source:HGNC Symbol;Acc:HGNC:5028]"
"296","ENSG00000171346",17.5899841606574,3.45224772522895,0.877003999423668,3.93641046961887,8.27094568930283e-05,0.00146835909200863,"KRT15","keratin 15 [Source:HGNC Symbol;Acc:HGNC:6421]"
"297","ENSG00000133818",124.338229571071,1.19157201515288,0.303329554349554,3.92830833021871,8.55454903659193e-05,0.00151221761067788,"RRAS2","RAS related 2 [Source:HGNC Symbol;Acc:HGNC:17271]"
"298","ENSG00000139946",117.115205811356,-1.24134614520945,0.318090873335947,-3.90248903463011,9.52085527027646e-05,0.00165823232949468,"PELI2","pellino E3 ubiquitin protein ligase family member 2 [Source:HGNC Symbol;Acc:HGNC:8828]"
"299","ENSG00000186871",32.9890895094012,-2.17449469100411,0.557284119564011,-3.90194985765128,9.5420926870129e-05,0.00165843976469869,"ERCC6L","ERCC excision repair 6 like, spindle assembly checkpoint helicase [Source:HGNC Symbol;Acc:HGNC:20794]"
"300","ENSG00000163874",155.053716215199,1.02207890418054,0.263310264216669,3.8816523435619,0.000103749126160116,0.00178815941817217,"ZC3H12A","zinc finger CCCH-type containing 12A [Source:HGNC Symbol;Acc:HGNC:26259]"
"301","ENSG00000137393",146.992874923276,1.05235689128108,0.271222419872558,3.88005125747185,0.000104434454165517,0.00179250257118531,"RNF144B","ring finger protein 144B [Source:HGNC Symbol;Acc:HGNC:21578]"
"302","ENSG00000144730",87.1966153559375,-1.34251853522791,0.347817831397839,-3.85983240086481,0.000113464818922736,0.00191570295295469,"IL17RD","interleukin 17 receptor D [Source:HGNC Symbol;Acc:HGNC:17616]"
"303","ENSG00000177508",52.3296835769612,-1.68645838277564,0.438346178697688,-3.84732082708249,0.000119416549432622,0.00199582447162844,"IRX3","iroquois homeobox 3 [Source:HGNC Symbol;Acc:HGNC:14360]"
"304","ENSG00000162849",56.5869646342782,-1.6002101979955,0.418420106330934,-3.82441038034123,0.000131085416473672,0.00217764990057568,"KIF26B","kinesin family member 26B [Source:HGNC Symbol;Acc:HGNC:25484]"
"305","ENSG00000101187",21.5210478462569,2.81060143865993,0.739406071587529,3.80116088663632,0.000144019746325891,0.00237898000102011,"SLCO4A1","solute carrier organic anion transporter family member 4A1 [Source:HGNC Symbol;Acc:HGNC:10953]"
"306","ENSG00000152137",122.115948569852,1.13758869877526,0.299367044901608,3.79997971770457,0.000144707931014221,0.0023847982336268,"HSPB8","heat shock protein family B (small) member 8 [Source:HGNC Symbol;Acc:HGNC:30171]"
"307","ENSG00000274750",135.450013001258,-1.21054976475753,0.319404116996166,-3.79002555177478,0.000150631788906793,0.0024579423858499,"H3C6","H3 clustered histone 6 [Source:HGNC Symbol;Acc:HGNC:4769]"
"308","ENSG00000171951",15.4572791842891,3.53428936670169,0.937249655097103,3.77091562262087,0.000162649665872711,0.00263326944376701,"SCG2","secretogranin II [Source:HGNC Symbol;Acc:HGNC:10575]"
"309","ENSG00000183762",56.7616295534641,-1.55330619393741,0.415242506633031,-3.74072058887299,0.00018349342100629,0.00291040546169778,"KREMEN1","kringle containing transmembrane protein 1 [Source:HGNC Symbol;Acc:HGNC:17550]"
"310","ENSG00000162804",212.640529053985,-1.02385866179908,0.275269738987251,-3.71947408954567,0.000199638024814209,0.00310846091181895,"SNED1","sushi, nidogen and EGF like domains 1 [Source:HGNC Symbol;Acc:HGNC:24696]"
"311","ENSG00000055813",83.4476426295048,-1.31532917909296,0.354511058036645,-3.71026276691485,0.000207044235334046,0.00318971500729714,"CCDC85A","coiled-coil domain containing 85A [Source:HGNC Symbol;Acc:HGNC:29400]"
"312","ENSG00000113361",88.7158210054923,-1.30584342157213,0.35246808173145,-3.70485581320542,0.000211511013395185,0.003246438986676,"CDH6","cadherin 6 [Source:HGNC Symbol;Acc:HGNC:1765]"
"313","ENSG00000136960",43.7673190724288,-1.83247886009931,0.495102961978363,-3.70120762917067,0.000214575801799931,0.00328688893241546,"ENPP2","ectonucleotide pyrophosphatase/phosphodiesterase 2 [Source:HGNC Symbol;Acc:HGNC:3357]"
"314","ENSG00000051341",53.1183909787747,-1.71434600306127,0.463979106827929,-3.69487758787607,0.000219992748305153,0.00335174955198625,"POLQ","DNA polymerase theta [Source:HGNC Symbol;Acc:HGNC:9186]"
"315","ENSG00000182580",76.9167725220134,-1.33500277488985,0.361704883605606,-3.69086190261534,0.00022349545828092,0.0033926200483634,"EPHB3","EPH receptor B3 [Source:HGNC Symbol;Acc:HGNC:3394]"
"316","ENSG00000185442",49.2248748024228,-1.64609737486781,0.448378154366534,-3.6712256358551,0.000241390114430048,0.00360472999400683,"FAM174B","family with sequence similarity 174 member B [Source:HGNC Symbol;Acc:HGNC:34339]"
"317","ENSG00000244242",22.1448499155389,2.55751526925893,0.701425434099156,3.64616842350971,0.000266179551878003,0.00391833351011872,"IFITM10","interferon induced transmembrane protein 10 [Source:HGNC Symbol;Acc:HGNC:40022]"
"318","ENSG00000183486",161.802102007324,-1.10915022698502,0.304498650821533,-3.64254562045693,0.000269955115369622,0.00396685376456994,"MX2","MX dynamin like GTPase 2 [Source:HGNC Symbol;Acc:HGNC:7533]"
"319","ENSG00000022267",99.1197575637116,-1.25566178767865,0.346545671389469,-3.62336595532732,0.000290793935873533,0.0042280109516375,"FHL1","four and a half LIM domains 1 [Source:HGNC Symbol;Acc:HGNC:3702]"
"320","ENSG00000254887",14.8451352632612,3.48143805860327,0.961046077919264,3.62255061291218,0.000291712359787786,0.00423392342548133,"AC010247.1","novel transcript, antisense to POU2F2"
"321","ENSG00000136492",111.585347927176,-1.145566242317,0.316991434079809,-3.61387128848593,0.000301658855813869,0.00435536424807702,"BRIP1","BRCA1 interacting protein C-terminal helicase 1 [Source:HGNC Symbol;Acc:HGNC:20473]"
"322","ENSG00000106483",23.8604816941835,2.43760285768786,0.677646626693396,3.59715928873171,0.000321711485953958,0.00461268478907643,"SFRP4","secreted frizzled related protein 4 [Source:HGNC Symbol;Acc:HGNC:10778]"
"323","ENSG00000169116",13.7041875306856,5.77572111433893,1.60683438222819,3.59447194945491,0.000325050161284035,0.00463644824879797,"PARM1","prostate androgen-regulated mucin-like protein 1 [Source:HGNC Symbol;Acc:HGNC:24536]"
"324","ENSG00000277586",12.6749704119339,4.63313322835304,1.28942752601345,3.59317071714561,0.00032667840282757,0.0046516530578184,"NEFL","neurofilament light [Source:HGNC Symbol;Acc:HGNC:7739]"
"325","ENSG00000141682",135.734413908304,1.07154152301749,0.299821645523807,3.57392983133504,0.000351663206386339,0.00498169470279825,"PMAIP1","phorbol-12-myristate-13-acetate-induced protein 1 [Source:HGNC Symbol;Acc:HGNC:9108]"
"326","ENSG00000122641",122.266043701671,1.11163067464461,0.312267208909354,3.55987001813982,0.000371038399507863,0.00521154614453064,"INHBA","inhibin subunit beta A [Source:HGNC Symbol;Acc:HGNC:6066]"
"327","ENSG00000110031",33.2894437343135,2.0186372807318,0.567834598806944,3.55497408043308,0.00037801635225142,0.00529158930994246,"LPXN","leupaxin [Source:HGNC Symbol;Acc:HGNC:14061]"
"328","ENSG00000169184",128.036493760778,-1.04681913944029,0.294772323763086,-3.55128027650804,0.000383361937125058,0.00534831923412412,"MN1","MN1 proto-oncogene, transcriptional regulator [Source:HGNC Symbol;Acc:HGNC:7180]"
"329","ENSG00000076258",145.517345751314,-1.09616142933572,0.308938656590936,-3.54815237895963,0.000387943713238875,0.00538869063600064,"FMO4","flavin containing dimethylaniline monoxygenase 4 [Source:HGNC Symbol;Acc:HGNC:3772]"
"330","ENSG00000173926",83.7218100948058,1.24826734616338,0.352126613478652,3.54493894634027,0.000392704036399448,0.00544194387459403,"MARCHF3","membrane associated ring-CH-type finger 3 [Source:HGNC Symbol;Acc:HGNC:28728]"
"331","ENSG00000135407",50.1450998617342,-1.5968350559441,0.450902827730357,-3.54141725830786,0.000397983659929129,0.00550588431202957,"AVIL","advillin [Source:HGNC Symbol;Acc:HGNC:14188]"
"332","ENSG00000250337",13.2293505688117,3.64533653597106,1.03506154738097,3.52185485510008,0.000428538703057304,0.00587369169748238,"PURPL","p53 upregulated regulator of p53 levels [Source:HGNC Symbol;Acc:HGNC:48995]"
"333","ENSG00000122035",137.290249768164,-1.00205344957558,0.285339798449137,-3.51178999572399,0.000445099561904462,0.00608646062088531,"RASL11A","RAS like family 11 member A [Source:HGNC Symbol;Acc:HGNC:23802]"
"334","ENSG00000110203",17.9165327689884,2.81791826575257,0.804252397518392,3.50377353483503,0.000458715278779422,0.00625197940913041,"FOLR3","folate receptor gamma [Source:HGNC Symbol;Acc:HGNC:3795]"
"335","ENSG00000162650",68.8073779142125,-1.36145857031917,0.390202524798978,-3.48910753722201,0.000484636138522953,0.00656202090671095,"ATXN7L2","ataxin 7 like 2 [Source:HGNC Symbol;Acc:HGNC:28713]"
"336","ENSG00000164542",13.9145154213415,-3.6521719528314,1.04878253900262,-3.48229667925686,0.000497132580750768,0.00668744364317252,"KIAA0895","KIAA0895 [Source:HGNC Symbol;Acc:HGNC:22206]"
"337","ENSG00000178607",101.142964601696,1.12975424890215,0.325659541465906,3.46912681820018,0.000522152915593156,0.00700124970940386,"ERN1","endoplasmic reticulum to nucleus signaling 1 [Source:HGNC Symbol;Acc:HGNC:3449]"
"338","ENSG00000235033",46.2306968679061,-1.61569120374979,0.465936885056501,-3.46761815938626,0.000525092834990968,0.00702927673767035,"DAAM2-AS1","DAAM2 antisense RNA 1 [Source:HGNC Symbol;Acc:HGNC:40830]"
"339","ENSG00000134070",66.6015609453741,1.32762150556736,0.382947093607148,3.46685358821217,0.00052658863581765,0.0070379124137632,"IRAK2","interleukin 1 receptor associated kinase 2 [Source:HGNC Symbol;Acc:HGNC:6113]"
"340","ENSG00000180592",48.8963878600212,-1.55689812050447,0.449772326721839,-3.46152492718239,0.000537124376244235,0.00716714510430412,"SKIDA1","SKI/DACH domain containing 1 [Source:HGNC Symbol;Acc:HGNC:32697]"
"341","ENSG00000105516",76.1513975954016,-1.24317709565745,0.361036531604534,-3.44335541373741,0.000574543715333201,0.00760512025112251,"DBP","D-box binding PAR bZIP transcription factor [Source:HGNC Symbol;Acc:HGNC:2697]"
"342","ENSG00000116991",120.713091594184,-1.01336161582623,0.294707636937193,-3.43853191711552,0.000584877585704561,0.00768046391513306,"SIPA1L2","signal induced proliferation associated 1 like 2 [Source:HGNC Symbol;Acc:HGNC:23800]"
"343","ENSG00000101463",19.8542426266829,2.51085556375936,0.734140551068231,3.42012923833981,0.000625913920521884,0.00811627878444756,"SYNDIG1","synapse differentiation inducing 1 [Source:HGNC Symbol;Acc:HGNC:15885]"
"344","ENSG00000161544",64.3198645513009,1.5011419257449,0.43908679410245,3.41878176685644,0.000629021538872367,0.00813456881454522,"CYGB","cytoglobin [Source:HGNC Symbol;Acc:HGNC:16505]"
"345","ENSG00000102384",61.2272505201083,-1.35233363063307,0.397062143910791,-3.40584881075166,0.000659586951993731,0.00846009744782036,"CENPI","centromere protein I [Source:HGNC Symbol;Acc:HGNC:3968]"
"346","ENSG00000152580",35.3336278157719,-1.77570416862097,0.522722175204821,-3.39703240622074,0.000681208992522112,0.00869697838755468,"IGSF10","immunoglobulin superfamily member 10 [Source:HGNC Symbol;Acc:HGNC:26384]"
"347","ENSG00000137672",52.8368401231907,-1.47189318864423,0.434217068360685,-3.38976354430544,0.000699529332193785,0.00887608307552022,"TRPC6","transient receptor potential cation channel subfamily C member 6 [Source:HGNC Symbol;Acc:HGNC:12338]"
"348","ENSG00000150054",34.1412190395401,1.84768813898861,0.54543015304529,3.3875797454036,0.000705122155519165,0.00891968745047409,"MPP7","membrane palmitoylated protein 7 [Source:HGNC Symbol;Acc:HGNC:26542]"
"349","ENSG00000184270",67.3037514035767,-1.31247960872825,0.388983714403037,-3.3741248287026,0.000740507795941786,0.00928215302397938,"H2AC21","H2A clustered histone 21 [Source:HGNC Symbol;Acc:HGNC:20508]"
"350","ENSG00000148677",32.2859446482897,1.87239346897698,0.555709763619915,3.36937299208158,0.000753394028842668,0.00941514924564259,"ANKRD1","ankyrin repeat domain 1 [Source:HGNC Symbol;Acc:HGNC:15819]"
"351","ENSG00000007944",93.243479723809,-1.10028784496632,0.326627859024258,-3.36862828618855,0.000755432327766752,0.00942638257558723,"MYLIP","myosin regulatory light chain interacting protein [Source:HGNC Symbol;Acc:HGNC:21155]"
"352","ENSG00000260910",56.6502907900853,1.38237769444553,0.414315652240264,3.33653263392492,0.000848304688442363,0.0104434891182793,"LINC00565","long intergenic non-protein coding RNA 565 [Source:HGNC Symbol;Acc:HGNC:43709]"
"353","ENSG00000117650",11.3760761885485,-3.83519769004388,1.15260980991625,-3.32740330426526,0.000876594055275889,0.0106683083464945,"NEK2","NIMA related kinase 2 [Source:HGNC Symbol;Acc:HGNC:7745]"
"354","ENSG00000122026",86.7359279550827,-1.47661172785489,0.443975648303115,-3.32588450177062,0.000881384423380454,0.0107073323562797,"RPL21","ribosomal protein L21 [Source:HGNC Symbol;Acc:HGNC:10313]"
"355","ENSG00000006025",68.3745304468033,-1.30497878512811,0.39252439591531,-3.32458007376863,0.000885518005562985,0.010716664343214,"OSBPL7","oxysterol binding protein like 7 [Source:HGNC Symbol;Acc:HGNC:16387]"
"356","ENSG00000133169",132.890423903921,-1.13895057719253,0.343465087148259,-3.3160592438931,0.000912964725623407,0.011026214854135,"BEX1","brain expressed X-linked 1 [Source:HGNC Symbol;Acc:HGNC:1036]"
"357","ENSG00000145569",101.633469978016,1.0456831620465,0.315488678302235,3.31448712414568,0.000918114081730971,0.0110482779528138,"OTULINL","OTU deubiquitinase with linear linkage specificity like [Source:HGNC Symbol;Acc:HGNC:25629]"
"358","ENSG00000168672",32.8983139506924,1.79456036271011,0.545362345895759,3.29058354727909,0.000999798073939006,0.0118500422144662,"LRATD2","LRAT domain containing 2 [Source:HGNC Symbol;Acc:HGNC:24166]"
"359","ENSG00000170915",83.266238411605,-1.13700612938632,0.346227756663306,-3.28398318015853,0.00102351030614068,0.0120791736985761,"PAQR8","progestin and adipoQ receptor family member 8 [Source:HGNC Symbol;Acc:HGNC:15708]"
"360","ENSG00000179869",23.375483677239,2.20991015232543,0.673674080937662,3.28038470657731,0.00103665624962044,0.0122168905314956,"ABCA13","ATP binding cassette subfamily A member 13 [Source:HGNC Symbol;Acc:HGNC:14638]"
"361","ENSG00000109472",54.1731924360945,1.5369596802732,0.472876987413439,3.25023150033186,0.00115311098751411,0.0134172815748302,"CPE","carboxypeptidase E [Source:HGNC Symbol;Acc:HGNC:2303]"
"362","ENSG00000154978",19.0672657887744,3.13969470097591,0.966677393124087,3.24792399543876,0.00116250318930758,0.0134993116389331,"VOPP1","VOPP1 WW domain binding protein [Source:HGNC Symbol;Acc:HGNC:34518]"
"363","ENSG00000250033",47.6013705615932,-1.46795129926196,0.452707190326478,-3.24260654707809,0.00118441652467539,0.0137044446274678,"SLC7A11-AS1","SLC7A11 antisense RNA 1 [Source:HGNC Symbol;Acc:HGNC:44064]"
"364","ENSG00000082497",103.538230524338,-1.09785047145088,0.339431853889724,-3.23437667640807,0.00121908556372611,0.0140466502349668,"SERTAD4","SERTA domain containing 4 [Source:HGNC Symbol;Acc:HGNC:25236]"
"365","ENSG00000176641",82.4760127345178,1.14168886331575,0.353664057698628,3.22817328609805,0.00124583480284857,0.014314987949953,"RNF152","ring finger protein 152 [Source:HGNC Symbol;Acc:HGNC:26811]"
"366","ENSG00000182836",64.14324783587,1.31187517043686,0.411028904611753,3.19168592699344,0.00141445043587174,0.0160467058286366,"PLCXD3","phosphatidylinositol specific phospholipase C X domain containing 3 [Source:HGNC Symbol;Acc:HGNC:31822]"
"367","ENSG00000179981",90.3697881483269,-1.07671160034089,0.337428681211512,-3.19093088493558,0.00141815200807058,0.0160467058286366,"TSHZ1","teashirt zinc finger homeobox 1 [Source:HGNC Symbol;Acc:HGNC:10669]"
"368","ENSG00000275221",57.7544507389,-1.29676893816544,0.406393486285072,-3.19091959376484,0.00141820743042681,0.0160467058286366,"H2AC15","H2A clustered histone 15 [Source:HGNC Symbol;Acc:HGNC:4726]"
"369","ENSG00000162654",24.8994819452741,-1.9989018081071,0.627018368920171,-3.18794776546904,0.0014328641815174,0.0161720127881221,"GBP4","guanylate binding protein 4 [Source:HGNC Symbol;Acc:HGNC:20480]"
"370","ENSG00000205002",25.8234479678974,-2.07697817900637,0.65518824372482,-3.1700479959752,0.0015241375963056,0.017055603843583,"AARD","alanine and arginine rich domain containing protein [Source:HGNC Symbol;Acc:HGNC:33842]"
"371","ENSG00000107551",59.603057495755,-1.28138786567446,0.404339659615556,-3.16908775877389,0.0015291821494145,0.0170727718247047,"RASSF4","Ras association domain family member 4 [Source:HGNC Symbol;Acc:HGNC:20793]"
"372","ENSG00000198729",16.9357090577669,2.54196043804302,0.805466262567122,3.15588691442081,0.00160010885296804,0.0177775941601516,"PPP1R14C","protein phosphatase 1 regulatory inhibitor subunit 14C [Source:HGNC Symbol;Acc:HGNC:14952]"
"373","ENSG00000113657",109.298810795989,-1.00437640826812,0.318269557729729,-3.15574136412075,0.00160090748813162,0.0177775941601516,"DPYSL3","dihydropyrimidinase like 3 [Source:HGNC Symbol;Acc:HGNC:3015]"
"374","ENSG00000233006",52.2307356668661,1.46346891058471,0.465053375281226,3.14688375221388,0.00165020555621833,0.0182271703158802,"MIR3936HG","MIR3936 host gene [Source:HGNC Symbol;Acc:HGNC:40538]"
"375","ENSG00000242221",21.9064423813311,2.17611108582298,0.693031870771809,3.13998703032158,0.00168955314546674,0.0186120814546555,"PSG2","pregnancy specific beta-1-glycoprotein 2 [Source:HGNC Symbol;Acc:HGNC:9519]"
"376","ENSG00000115425",42.3409736657186,-1.58994338378837,0.506938832791335,-3.13636139301804,0.00171058272849299,0.0187687677888892,"PECR","peroxisomal trans-2-enoyl-CoA reductase [Source:HGNC Symbol;Acc:HGNC:18281]"
"377","ENSG00000142303",58.0792944838818,-1.28570221627601,0.411283067086323,-3.12607622138297,0.00177155628895227,0.0192843226032923,"ADAMTS10","ADAM metallopeptidase with thrombospondin type 1 motif 10 [Source:HGNC Symbol;Acc:HGNC:13201]"
"378","ENSG00000170540",108.457196545833,-1.00513858803161,0.321606876842112,-3.12536410259992,0.00177585102584572,0.019305670876244,"ARL6IP1","ADP ribosylation factor like GTPase 6 interacting protein 1 [Source:HGNC Symbol;Acc:HGNC:697]"
"379","ENSG00000213366",63.7938946483414,-1.48937998012224,0.478147804161856,-3.11489453085112,0.00184010692053585,0.0198240303308248,"GSTM2","glutathione S-transferase mu 2 [Source:HGNC Symbol;Acc:HGNC:4634]"
"380","ENSG00000205730",84.3177925583704,1.08265074207758,0.34801292574905,3.11094980092284,0.0018648663857333,0.0200104275086531,"ITPRIPL2","ITPRIP like 2 [Source:HGNC Symbol;Acc:HGNC:27257]"
"381","ENSG00000080546",21.2624598893058,2.39963579480563,0.771523686918664,3.11025550542637,0.00186925573965561,0.0200315449924493,"SESN1","sestrin 1 [Source:HGNC Symbol;Acc:HGNC:21595]"
"382","ENSG00000146670",63.0819999764947,-1.30392236162331,0.420163850873827,-3.10336636269756,0.00191332623862402,0.020450837173303,"CDCA5","cell division cycle associated 5 [Source:HGNC Symbol;Acc:HGNC:14626]"
"383","ENSG00000240875",63.706493449711,1.21191634871413,0.39313710791402,3.08268114181472,0.00205144835036437,0.02161991363384,"LINC00886","long intergenic non-protein coding RNA 886 [Source:HGNC Symbol;Acc:HGNC:48572]"
"384","ENSG00000168079",47.1326405797062,1.46670282157778,0.476606095787718,3.07738997579052,0.0020882191097123,0.0219128917092805,"SCARA5","scavenger receptor class A member 5 [Source:HGNC Symbol;Acc:HGNC:28701]"
"385","ENSG00000175084",27.392985359053,-1.89235110422062,0.615251352472041,-3.07573660198759,0.00209983253736148,0.021961965337031,"DES","desmin [Source:HGNC Symbol;Acc:HGNC:2770]"
"386","ENSG00000049860",19.0927942722867,2.29846304072361,0.749790254165611,3.06547468169136,0.00217324776613957,0.0225304245228981,"HEXB","hexosaminidase subunit beta [Source:HGNC Symbol;Acc:HGNC:4879]"
"387","ENSG00000157680",74.309089875545,1.10319706427111,0.360076571208031,3.06378462939137,0.00218556189064671,0.022629729062979,"DGKI","diacylglycerol kinase iota [Source:HGNC Symbol;Acc:HGNC:2855]"
"388","ENSG00000143786",45.6325514112515,1.39597284511648,0.45581770937127,3.06256825133453,0.00219446425703728,0.0226935034980868,"CNIH3","cornichon family AMPA receptor auxiliary protein 3 [Source:HGNC Symbol;Acc:HGNC:26802]"
"389","ENSG00000087191",16.2255726926377,2.49451351235054,0.815009471704288,3.06071720508253,0.00220807538982293,0.0228057524344632,"PSMC5","proteasome 26S subunit, ATPase 5 [Source:HGNC Symbol;Acc:HGNC:9552]"
"390","ENSG00000257167",56.9447148322124,-1.27252254886324,0.4158353832583,-3.06015938059989,0.00221219233674095,0.02281978454097,"TMPO-AS1","TMPO antisense RNA 1 [Source:HGNC Symbol;Acc:HGNC:44158]"
"391","ENSG00000132357",94.3680449272892,1.03872503034489,0.34097615317532,3.04632749437702,0.00231655365021098,0.0238072650288142,"CARD6","caspase recruitment domain family member 6 [Source:HGNC Symbol;Acc:HGNC:16394]"
"392","ENSG00000135919",28.7783000800584,1.81587188811771,0.596334392716897,3.04505644868914,0.00232636642050567,0.0238488592278109,"SERPINE2","serpin family E member 2 [Source:HGNC Symbol;Acc:HGNC:8951]"
"393","ENSG00000071539",37.2730506261622,-1.54183414140389,0.50855278875751,-3.03180746520117,0.00243094205528122,0.0248286217572118,"TRIP13","thyroid hormone receptor interactor 13 [Source:HGNC Symbol;Acc:HGNC:12307]"
"394","ENSG00000133466",36.6618869528006,-1.55353062254164,0.514520871418564,-3.01937337985622,0.00253298148162576,0.0257436803408967,"C1QTNF6","C1q and TNF related 6 [Source:HGNC Symbol;Acc:HGNC:14343]"
"395","ENSG00000147889",17.7991820269025,-2.32209088132748,0.769942690862448,-3.01592691103594,0.00256195006511051,0.0259742805008079,"CDKN2A","cyclin dependent kinase inhibitor 2A [Source:HGNC Symbol;Acc:HGNC:1787]"
"396","ENSG00000135318",72.9505553434701,1.11406736177944,0.369702344063311,3.01341708990804,0.00258323615709214,0.026126054679246,"NT5E","5'-nucleotidase ecto [Source:HGNC Symbol;Acc:HGNC:8021]"
"397","ENSG00000131737",15.0822893066102,2.53095312428909,0.841699944369528,3.00695413041151,0.00263879577226732,0.026525829190726,"KRT34","keratin 34 [Source:HGNC Symbol;Acc:HGNC:6452]"
"398","ENSG00000058085",22.6813374413075,1.94490074569478,0.652156819814969,2.98225930727304,0.00286129537141653,0.0284850393854147,"LAMC2","laminin subunit gamma 2 [Source:HGNC Symbol;Acc:HGNC:6493]"
"399","ENSG00000214814",16.6995710942433,2.38122809269375,0.800565025974878,2.97443432504941,0.00293529281837586,0.0291171192882776,"FER1L6","fer-1 like family member 6 [Source:HGNC Symbol;Acc:HGNC:28065]"
"400","ENSG00000204291",2833.8442771303,-1.07832436093749,0.362604927760569,-2.97382710046763,0.00294110746915331,0.02913985879318,"COL15A1","collagen type XV alpha 1 chain [Source:HGNC Symbol;Acc:HGNC:2192]"
"401","ENSG00000276368",15.1713482291276,-2.51262608906555,0.845615161131215,-2.97135884567668,0.00296485130046033,0.0293399698668759,"H2AC14","H2A clustered histone 14 [Source:HGNC Symbol;Acc:HGNC:4727]"
"402","ENSG00000135914",48.7661897761497,-1.33454685518973,0.449416553212176,-2.96950979141989,0.0029827530655489,0.0294818591532689,"HTR2B","5-hydroxytryptamine receptor 2B [Source:HGNC Symbol;Acc:HGNC:5294]"
"403","ENSG00000197321",52.2528463343334,1.31756829001965,0.444125695051311,2.96665629730662,0.00301057298649143,0.0296588607117421,"SVIL","supervillin [Source:HGNC Symbol;Acc:HGNC:11480]"
"404","ENSG00000213145",28.9411366984243,-1.70640516685124,0.577056281392364,-2.95708620090556,0.00310561283085143,0.0304416290872439,"CRIP1","cysteine rich protein 1 [Source:HGNC Symbol;Acc:HGNC:2360]"
"405","ENSG00000174697",12.3313198709445,2.86981581705248,0.971060111397908,2.95534311765847,0.00312321492492519,0.0305585616380783,"LEP","leptin [Source:HGNC Symbol;Acc:HGNC:6553]"
"406","ENSG00000124762",25.6096745183838,1.88877961176395,0.644622348061227,2.93005605133714,0.00338900867009725,0.0327921271669176,"CDKN1A","cyclin dependent kinase inhibitor 1A [Source:HGNC Symbol;Acc:HGNC:1784]"
"407","ENSG00000168646",40.3969576608508,-1.41918185567988,0.485396765173843,-2.92375631133761,0.003458353729606,0.0333850179755315,"AXIN2","axin 2 [Source:HGNC Symbol;Acc:HGNC:904]"
"408","ENSG00000260852",53.2895313077935,1.2500673585665,0.428524462430072,2.9171435195966,0.00353253188505956,0.0340216953260742,"FBXL19-AS1","FBXL19 antisense RNA 1 [Source:HGNC Symbol;Acc:HGNC:27557]"
"409","ENSG00000246627",22.4380066517083,-1.89967899746857,0.654689448294448,-2.90164902216995,0.00371204176008655,0.0355025681863537,"CACNA1C-AS1","CACNA1C antisense RNA 1 [Source:HGNC Symbol;Acc:HGNC:40119]"
"410","ENSG00000069482",10.8849539498389,2.97769164315364,1.03186636284612,2.8857338027189,0.00390502292582032,0.0370909927271085,"GAL","galanin and GMAP prepropeptide [Source:HGNC Symbol;Acc:HGNC:4114]"
"411","ENSG00000239713",57.455889733981,-1.17487629565273,0.407273379080447,-2.8847362877127,0.00391741659150758,0.0371660406669062,"APOBEC3G","apolipoprotein B mRNA editing enzyme catalytic subunit 3G [Source:HGNC Symbol;Acc:HGNC:17357]"
"412","ENSG00000064205",39.0168116956167,-1.41130823463512,0.49549881595836,-2.84825753196899,0.00439593361983213,0.0406795960143974,"CCN5","cellular communication network factor 5 [Source:HGNC Symbol;Acc:HGNC:12770]"
"413","ENSG00000225511",16.6558011317992,2.22476155642712,0.78182307783418,2.84560742641442,0.00443268049549403,0.0409280867625247,"LINC00475","long intergenic non-protein coding RNA 475 [Source:HGNC Symbol;Acc:HGNC:23569]"
"414","ENSG00000105011",42.6145356720419,-1.34094750977025,0.472327309991753,-2.83902175758938,0.00452520712563707,0.041574665754191,"ASF1B","anti-silencing function 1B histone chaperone [Source:HGNC Symbol;Acc:HGNC:20996]"
"415","ENSG00000242732",30.5257043469327,1.58009204778517,0.557919779744738,2.83211333447991,0.00462414554999125,0.0422465674934146,"RTL5","retrotransposon Gag like 5 [Source:HGNC Symbol;Acc:HGNC:29430]"
"416","ENSG00000071282",79.6092177456869,-1.05872186278515,0.374869876696487,-2.82423829867328,0.00473931338709063,0.043112587598192,"LMCD1","LIM and cysteine rich domains 1 [Source:HGNC Symbol;Acc:HGNC:6633]"
"417","ENSG00000061337",37.9190112247292,-1.419247429293,0.502607606851615,-2.82376830343518,0.00474626820019094,0.043112587598192,"LZTS1","leucine zipper tumor suppressor 1 [Source:HGNC Symbol;Acc:HGNC:13861]"
"418","ENSG00000198865",530.029336721897,-1.4621598001839,0.519391587228609,-2.81513955200113,0.00487560567563172,0.0440348097756564,"CCDC152","coiled-coil domain containing 152 [Source:HGNC Symbol;Acc:HGNC:34438]"
"419","ENSG00000137563",89.4257738684958,-1.02467836379007,0.36440612078152,-2.81191315226128,0.00492477984844743,0.0443820301592654,"GGH","gamma-glutamyl hydrolase [Source:HGNC Symbol;Acc:HGNC:4248]"
"420","ENSG00000149548",51.2207106338449,1.20064597962062,0.427093227069721,2.8112035113697,0.00493565562216857,0.0443833466980441,"CCDC15","coiled-coil domain containing 15 [Source:HGNC Symbol;Acc:HGNC:25798]"
"421","ENSG00000231185",11.4061401299335,2.74927847618666,0.979739324143493,2.8061326196028,0.00501400514267418,0.0448927105469086,"SPRY4-AS1","SPRY4 antisense RNA 1 [Source:HGNC Symbol;Acc:HGNC:53465]"
"422","ENSG00000111348",36.0633036819383,-1.42837784270294,0.510676982482424,-2.79702804649533,0.0051575056006385,0.0458303370935363,"ARHGDIB","Rho GDP dissociation inhibitor beta [Source:HGNC Symbol;Acc:HGNC:679]"
"423","ENSG00000135218",14.5681378296837,2.46131254775325,0.882145075837424,2.79014485844828,0.00526844639202761,0.0466657997871996,"CD36","CD36 molecule [Source:HGNC Symbol;Acc:HGNC:1663]"
"424","ENSG00000171320",30.3690931429035,-1.58793175003114,0.573387554597594,-2.76938649487353,0.00561619691111194,0.0490631436595872,"ESCO2","establishment of sister chromatid cohesion N-acetyltransferase 2 [Source:HGNC Symbol;Acc:HGNC:27230]"
"425","ENSG00000090447",65.1237729124857,-1.09220394265886,0.395245814092196,-2.76335359848767,0.00572107510540175,0.0497453561490457,"TFAP4","transcription factor AP-4 [Source:HGNC Symbol;Acc:HGNC:11745]"
"426","ENSG00000243811",22.7854420775155,-1.86962807154543,0.676756446235113,-2.76263060654453,0.00573376167841342,0.0497453561490457,"APOBEC3D","apolipoprotein B mRNA editing enzyme catalytic subunit 3D [Source:HGNC Symbol;Acc:HGNC:17354]"
